// -----------------------------------------------------------------------------
// Embedded MIDI assets for the MIDI Music Box sample.
//
// Source:
//   https://www.ne.jp/asahi/music/myuu/midi/midi.htm
//
// MIDI programmer embedded in the files:
//   nagisa matui
//
// Songs:
//   FURUSATO
//   CANON
//   HIMAWARI
// -----------------------------------------------------------------------------

#include "MidiAssets.h"

const uint8_t FURUSATO_MIDI_DATA[] = {
    0x4D, 0x54, 0x68, 0x64, 0x00, 0x00, 0x00, 0x06, 0x00, 0x01, 0x00, 0x11,
    0x01, 0xE0, 0x4D, 0x54, 0x72, 0x6B, 0x00, 0x00, 0x00, 0x78, 0x00, 0xFF,
    0x03, 0x40, 0x66, 0x75, 0x72, 0x75, 0x73, 0x61, 0x74, 0x6F, 0x20, 0x20,
    0x20, 0x20, 0x20, 0x20, 0x20, 0x20, 0x20, 0x20, 0x20, 0x20, 0x20, 0x20,
    0x20, 0x20, 0x20, 0x20, 0x20, 0x20, 0x20, 0x20, 0x20, 0x20, 0x20, 0x20,
    0x20, 0x20, 0x20, 0x20, 0x20, 0x20, 0x20, 0x20, 0x20, 0x20, 0x20, 0x20,
    0x20, 0x20, 0x20, 0x20, 0x20, 0x20, 0x20, 0x20, 0x20, 0x20, 0x20, 0x20,
    0x20, 0x20, 0x20, 0x20, 0x20, 0x20, 0x00, 0xFF, 0x51, 0x03, 0x0A, 0xC5,
    0x5A, 0x00, 0xFF, 0x59, 0x02, 0xFF, 0x00, 0x00, 0xFF, 0x58, 0x04, 0x03,
    0x02, 0x18, 0x08, 0x00, 0xFF, 0x01, 0x17, 0x50, 0x72, 0x6F, 0x67, 0x72,
    0x61, 0x6D, 0x6D, 0x65, 0x72, 0x20, 0x6E, 0x61, 0x67, 0x69, 0x73, 0x61,
    0x20, 0x6D, 0x61, 0x74, 0x75, 0x69, 0x00, 0xFF, 0x2F, 0x00, 0x4D, 0x54,
    0x72, 0x6B, 0x00, 0x00, 0x00, 0x59, 0x00, 0xFF, 0x7F, 0x04, 0x43, 0x00,
    0x01, 0x00, 0x00, 0xFF, 0x03, 0x24, 0x53, 0x79, 0x73, 0x65, 0x78, 0x20,
    0x20, 0x20, 0x20, 0x20, 0x20, 0x20, 0x20, 0x20, 0x20, 0x20, 0x20, 0x20,
    0x20, 0x20, 0x20, 0x20, 0x20, 0x20, 0x20, 0x20, 0x20, 0x20, 0x20, 0x20,
    0x20, 0x20, 0x20, 0x20, 0x20, 0x20, 0x00, 0xFF, 0x21, 0x01, 0x00, 0x00,
    0xF0, 0x05, 0x7E, 0x7F, 0x09, 0x01, 0xF7, 0x0A, 0xF0, 0x0A, 0x41, 0x10,
    0x42, 0x12, 0x40, 0x00, 0x7F, 0x00, 0x41, 0xF7, 0x0A, 0xF0, 0x08, 0x43,
    0x10, 0x4C, 0x00, 0x00, 0x7E, 0x00, 0xF7, 0x00, 0xFF, 0x2F, 0x00, 0x4D,
    0x54, 0x72, 0x6B, 0x00, 0x00, 0x02, 0x5A, 0x00, 0xFF, 0x7F, 0x04, 0x43,
    0x00, 0x01, 0x00, 0x00, 0xFF, 0x03, 0x24, 0x46, 0x6C, 0x75, 0x74, 0x65,
    0x20, 0x20, 0x20, 0x20, 0x20, 0x20, 0x20, 0x20, 0x20, 0x20, 0x20, 0x20,
    0x20, 0x20, 0x20, 0x20, 0x20, 0x20, 0x20, 0x20, 0x20, 0x20, 0x20, 0x20,
    0x20, 0x20, 0x20, 0x20, 0x20, 0x20, 0x20, 0x00, 0xFF, 0x21, 0x01, 0x00,
    0x87, 0x40, 0xB1, 0x00, 0x00, 0x0A, 0xB1, 0x20, 0x00, 0x0A, 0xC1, 0x49,
    0x0A, 0xB1, 0x07, 0x78, 0x0A, 0xB1, 0x0B, 0x6E, 0x0A, 0xB1, 0x0A, 0x3C,
    0x0A, 0xB1, 0x5B, 0x3C, 0x0A, 0xB1, 0x5D, 0x00, 0x0A, 0xB1, 0x5E, 0x00,
    0x0A, 0xB1, 0x65, 0x00, 0x0A, 0xB1, 0x64, 0x00, 0x0A, 0xB1, 0x06, 0x0C,
    0x82, 0x72, 0xB1, 0x0B, 0x46, 0x00, 0x91, 0x41, 0x64, 0x0A, 0xB1, 0x0B,
    0x4B, 0x0A, 0xB1, 0x0B, 0x4F, 0x0A, 0xB1, 0x0B, 0x53, 0x0A, 0xB1, 0x0B,
    0x56, 0x0A, 0xB1, 0x0B, 0x59, 0x0A, 0xB1, 0x0B, 0x5B, 0x0A, 0xB1, 0x0B,
    0x5D, 0x0A, 0xB1, 0x0B, 0x5F, 0x0A, 0xB1, 0x0B, 0x61, 0x0A, 0xB1, 0x0B,
    0x62, 0x0A, 0xB1, 0x0B, 0x64, 0x0A, 0xB1, 0x0B, 0x65, 0x0A, 0xB1, 0x0B,
    0x66, 0x0A, 0xB1, 0x0B, 0x67, 0x0A, 0xB1, 0x0B, 0x68, 0x0A, 0xB1, 0x0B,
    0x69, 0x14, 0xB1, 0x0B, 0x6A, 0x14, 0xB1, 0x0B, 0x6B, 0x14, 0xB1, 0x0B,
    0x6C, 0x28, 0xB1, 0x0B, 0x6D, 0x32, 0xB1, 0x0B, 0x6E, 0x81, 0x16, 0x91,
    0x41, 0x00, 0x14, 0x91, 0x41, 0x5F, 0x83, 0x4C, 0x91, 0x41, 0x00, 0x14,
    0x91, 0x41, 0x5A, 0x83, 0x4C, 0x91, 0x41, 0x00, 0x14, 0x91, 0x43, 0x5F,
    0x85, 0x3C, 0x91, 0x43, 0x00, 0x14, 0x91, 0x45, 0x5A, 0x81, 0x5C, 0x91,
    0x45, 0x00, 0x14, 0x91, 0x43, 0x5A, 0x83, 0x4C, 0x91, 0x43, 0x00, 0x14,
    0x91, 0x45, 0x64, 0x83, 0x4C, 0x91, 0x45, 0x00, 0x14, 0x91, 0x45, 0x5F,
    0x83, 0x4C, 0x91, 0x45, 0x00, 0x14, 0x91, 0x46, 0x5A, 0x83, 0x4C, 0x91,
    0x46, 0x00, 0x14, 0x91, 0x48, 0x64, 0x87, 0x2C, 0x91, 0x48, 0x00, 0x83,
    0x74, 0x91, 0x46, 0x64, 0x83, 0x4C, 0x91, 0x46, 0x00, 0x14, 0x91, 0x48,
    0x5F, 0x83, 0x4C, 0x91, 0x48, 0x00, 0x14, 0x91, 0x4A, 0x5A, 0x83, 0x4C,
    0x91, 0x4A, 0x00, 0x14, 0x91, 0x45, 0x5F, 0x85, 0x3C, 0x91, 0x45, 0x00,
    0x14, 0x91, 0x46, 0x5A, 0x81, 0x5C, 0x91, 0x46, 0x00, 0x14, 0x91, 0x45,
    0x5A, 0x83, 0x4C, 0x91, 0x45, 0x00, 0x14, 0x91, 0x43, 0x64, 0x83, 0x4C,
    0x91, 0x43, 0x00, 0x14, 0x91, 0x43, 0x5F, 0x83, 0x4C, 0x91, 0x43, 0x00,
    0x14, 0x91, 0x40, 0x5A, 0x83, 0x4C, 0x91, 0x40, 0x00, 0x14, 0x91, 0x41,
    0x55, 0x87, 0x2C, 0x91, 0x41, 0x00, 0x83, 0x74, 0x91, 0x43, 0x5F, 0x81,
    0x5C, 0x91, 0x43, 0x00, 0x14, 0x91, 0x41, 0x5A, 0x81, 0x5C, 0x91, 0x41,
    0x00, 0x14, 0x91, 0x43, 0x64, 0x83, 0x4C, 0x91, 0x43, 0x00, 0x14, 0x91,
    0x3C, 0x5F, 0x83, 0x4C, 0x91, 0x3C, 0x00, 0x14, 0x91, 0x41, 0x5F, 0x81,
    0x5C, 0x91, 0x41, 0x00, 0x14, 0x91, 0x43, 0x5A, 0x81, 0x5C, 0x91, 0x43,
    0x00, 0x14, 0x91, 0x45, 0x64, 0x83, 0x4C, 0x91, 0x45, 0x00, 0x14, 0x91,
    0x45, 0x5F, 0x83, 0x4C, 0x91, 0x45, 0x00, 0x14, 0x91, 0x46, 0x5F, 0x81,
    0x5C, 0x91, 0x46, 0x00, 0x14, 0x91, 0x45, 0x5A, 0x81, 0x5C, 0x91, 0x45,
    0x00, 0x14, 0x91, 0x46, 0x64, 0x85, 0x3C, 0x91, 0x46, 0x00, 0x14, 0x91,
    0x4A, 0x5F, 0x81, 0x5C, 0x91, 0x4A, 0x00, 0x14, 0x91, 0x48, 0x64, 0x81,
    0x5C, 0x91, 0x48, 0x00, 0x14, 0x91, 0x46, 0x5F, 0x81, 0x5C, 0x91, 0x46,
    0x00, 0x14, 0x91, 0x45, 0x5A, 0x86, 0x20, 0x91, 0x45, 0x00, 0x81, 0x20,
    0x91, 0x48, 0x64, 0x83, 0x4C, 0x91, 0x48, 0x00, 0x14, 0x91, 0x48, 0x5F,
    0x83, 0x4C, 0x91, 0x48, 0x00, 0x14, 0x91, 0x48, 0x5A, 0x83, 0x4C, 0x91,
    0x48, 0x00, 0x14, 0x91, 0x41, 0x5F, 0x85, 0x3C, 0x91, 0x41, 0x00, 0x14,
    0x91, 0x43, 0x5A, 0x81, 0x5C, 0x91, 0x43, 0x00, 0x14, 0x91, 0x45, 0x5A,
    0x83, 0x4C, 0x91, 0x45, 0x00, 0x14, 0x91, 0x46, 0x64, 0x83, 0x4C, 0x91,
    0x46, 0x00, 0x14, 0x91, 0x46, 0x5F, 0x83, 0x4C, 0x91, 0x46, 0x00, 0x14,
    0x91, 0x43, 0x5A, 0x83, 0x4C, 0x91, 0x43, 0x00, 0x14, 0x91, 0x41, 0x50,
    0x87, 0x2C, 0x91, 0x41, 0x00, 0x00, 0xFF, 0x2F, 0x00, 0x4D, 0x54, 0x72,
    0x6B, 0x00, 0x00, 0x02, 0x02, 0x00, 0xFF, 0x7F, 0x04, 0x43, 0x00, 0x01,
    0x00, 0x00, 0xFF, 0x03, 0x24, 0x52, 0x65, 0x63, 0x6F, 0x72, 0x64, 0x65,
    0x72, 0x20, 0x20, 0x20, 0x20, 0x20, 0x20, 0x20, 0x20, 0x20, 0x20, 0x20,
    0x20, 0x20, 0x20, 0x20, 0x20, 0x20, 0x20, 0x20, 0x20, 0x20, 0x20, 0x20,
    0x20, 0x20, 0x20, 0x20, 0x20, 0x00, 0xFF, 0x21, 0x01, 0x00, 0x87, 0x4A,
    0xB2, 0x00, 0x00, 0x0A, 0xB2, 0x20, 0x00, 0x0A, 0xC2, 0x4A, 0x0A, 0xB2,
    0x07, 0x6E, 0x0A, 0xB2, 0x0B, 0x6E, 0x0A, 0xB2, 0x0A, 0x46, 0x0A, 0xB2,
    0x5B, 0x50, 0x0A, 0xB2, 0x5D, 0x00, 0x0A, 0xB2, 0x5E, 0x00, 0x0A, 0xB2,
    0x65, 0x00, 0x0A, 0xB2, 0x64, 0x00, 0x0A, 0xB2, 0x06, 0x0C, 0x82, 0x68,
    0x92, 0x41, 0x5F, 0x83, 0x4C, 0x92, 0x41, 0x00, 0x14, 0x92, 0x41, 0x5A,
    0x83, 0x4C, 0x92, 0x41, 0x00, 0x14, 0x92, 0x41, 0x5A, 0x83, 0x4C, 0x92,
    0x41, 0x00, 0x14, 0x92, 0x40, 0x5F, 0x85, 0x3C, 0x92, 0x40, 0x00, 0x14,
    0x92, 0x41, 0x5A, 0x81, 0x5C, 0x92, 0x41, 0x00, 0x14, 0x92, 0x40, 0x5A,
    0x83, 0x4C, 0x92, 0x40, 0x00, 0x14, 0x92, 0x41, 0x64, 0x83, 0x4C, 0x92,
    0x41, 0x00, 0x14, 0x92, 0x41, 0x5F, 0x83, 0x4C, 0x92, 0x41, 0x00, 0x14,
    0x92, 0x43, 0x5A, 0x83, 0x4C, 0x92, 0x43, 0x00, 0x14, 0x92, 0x45, 0x5A,
    0x87, 0x2C, 0x92, 0x45, 0x00, 0x83, 0x74, 0x92, 0x43, 0x64, 0x83, 0x4C,
    0x92, 0x43, 0x00, 0x14, 0x92, 0x45, 0x5F, 0x83, 0x4C, 0x92, 0x45, 0x00,
    0x14, 0x92, 0x46, 0x5A, 0x83, 0x4C, 0x92, 0x46, 0x00, 0x14, 0x92, 0x41,
    0x5F, 0x85, 0x3C, 0x92, 0x41, 0x00, 0x14, 0x92, 0x43, 0x5A, 0x81, 0x5C,
    0x92, 0x43, 0x00, 0x14, 0x92, 0x41, 0x5A, 0x83, 0x4C, 0x92, 0x41, 0x00,
    0x14, 0x92, 0x40, 0x64, 0x83, 0x4C, 0x92, 0x40, 0x00, 0x14, 0x92, 0x40,
    0x5F, 0x83, 0x4C, 0x92, 0x40, 0x00, 0x14, 0x92, 0x40, 0x5A, 0x83, 0x4C,
    0x92, 0x40, 0x00, 0x14, 0x92, 0x41, 0x5A, 0x87, 0x2C, 0x92, 0x41, 0x00,
    0x83, 0x74, 0x92, 0x43, 0x5F, 0x81, 0x5C, 0x92, 0x43, 0x00, 0x14, 0x92,
    0x41, 0x5A, 0x81, 0x5C, 0x92, 0x41, 0x00, 0x14, 0x92, 0x43, 0x5F, 0x83,
    0x4C, 0x92, 0x43, 0x00, 0x14, 0x92, 0x3C, 0x5A, 0x83, 0x4C, 0x92, 0x3C,
    0x00, 0x14, 0x92, 0x41, 0x5F, 0x81, 0x5C, 0x92, 0x41, 0x00, 0x14, 0x92,
    0x40, 0x5A, 0x81, 0x5C, 0x92, 0x40, 0x00, 0x14, 0x92, 0x41, 0x5F, 0x83,
    0x4C, 0x92, 0x41, 0x00, 0x14, 0x92, 0x41, 0x5A, 0x83, 0x4C, 0x92, 0x41,
    0x00, 0x14, 0x92, 0x43, 0x5F, 0x81, 0x5C, 0x92, 0x43, 0x00, 0x14, 0x92,
    0x41, 0x5A, 0x81, 0x5C, 0x92, 0x41, 0x00, 0x14, 0x92, 0x43, 0x5F, 0x85,
    0x3C, 0x92, 0x43, 0x00, 0x14, 0x92, 0x46, 0x5A, 0x81, 0x5C, 0x92, 0x46,
    0x00, 0x14, 0x92, 0x45, 0x5F, 0x81, 0x5C, 0x92, 0x45, 0x00, 0x14, 0x92,
    0x43, 0x5A, 0x81, 0x5C, 0x92, 0x43, 0x00, 0x14, 0x92, 0x41, 0x5A, 0x86,
    0x20, 0x92, 0x41, 0x00, 0x81, 0x20, 0x92, 0x45, 0x64, 0x83, 0x4C, 0x92,
    0x45, 0x00, 0x14, 0x92, 0x45, 0x5F, 0x83, 0x4C, 0x92, 0x45, 0x00, 0x14,
    0x92, 0x45, 0x5A, 0x83, 0x4C, 0x92, 0x45, 0x00, 0x14, 0x92, 0x3E, 0x5F,
    0x85, 0x3C, 0x92, 0x3E, 0x00, 0x14, 0x92, 0x40, 0x5A, 0x81, 0x5C, 0x92,
    0x40, 0x00, 0x14, 0x92, 0x41, 0x5A, 0x83, 0x4C, 0x92, 0x41, 0x00, 0x14,
    0x92, 0x40, 0x64, 0x83, 0x4C, 0x92, 0x40, 0x00, 0x14, 0x92, 0x40, 0x5F,
    0x83, 0x4C, 0x92, 0x40, 0x00, 0x14, 0x92, 0x40, 0x5A, 0x83, 0x4C, 0x92,
    0x40, 0x00, 0x14, 0x92, 0x41, 0x55, 0x87, 0x2C, 0x92, 0x41, 0x00, 0x00,
    0xFF, 0x2F, 0x00, 0x4D, 0x54, 0x72, 0x6B, 0x00, 0x00, 0x02, 0x12, 0x00,
    0xFF, 0x7F, 0x04, 0x43, 0x00, 0x01, 0x00, 0x00, 0xFF, 0x03, 0x24, 0x42,
    0x61, 0x73, 0x73, 0x20, 0x20, 0x20, 0x20, 0x20, 0x20, 0x20, 0x20, 0x20,
    0x20, 0x20, 0x20, 0x20, 0x20, 0x20, 0x20, 0x20, 0x20, 0x20, 0x20, 0x20,
    0x20, 0x20, 0x20, 0x20, 0x20, 0x20, 0x20, 0x20, 0x20, 0x20, 0x20, 0x00,
    0xFF, 0x21, 0x01, 0x00, 0x87, 0x54, 0xB3, 0x00, 0x00, 0x0A, 0xB3, 0x20,
    0x00, 0x0A, 0xC3, 0x21, 0x0A, 0xB3, 0x07, 0x5A, 0x0A, 0xB3, 0x0B, 0x6E,
    0x0A, 0xB3, 0x0A, 0x37, 0x0A, 0xB3, 0x5B, 0x3C, 0x0A, 0xB3, 0x5D, 0x00,
    0x0A, 0xB3, 0x5E, 0x00, 0x0A, 0xB3, 0x65, 0x00, 0x0A, 0xB3, 0x64, 0x00,
    0x0A, 0xB3, 0x06, 0x0C, 0x82, 0x5E, 0x93, 0x29, 0x5A, 0x83, 0x4C, 0x93,
    0x29, 0x00, 0x83, 0x74, 0x93, 0x29, 0x5A, 0x83, 0x4C, 0x93, 0x29, 0x00,
    0x14, 0x93, 0x30, 0x64, 0x83, 0x4C, 0x93, 0x30, 0x00, 0x14, 0x93, 0x24,
    0x5F, 0x83, 0x4C, 0x93, 0x24, 0x00, 0x14, 0x93, 0x30, 0x5A, 0x83, 0x4C,
    0x93, 0x30, 0x00, 0x14, 0x93, 0x29, 0x64, 0x83, 0x4C, 0x93, 0x29, 0x00,
    0x82, 0x04, 0x93, 0x29, 0x5A, 0x81, 0x5C, 0x93, 0x29, 0x00, 0x14, 0x93,
    0x29, 0x5A, 0x83, 0x4C, 0x93, 0x29, 0x00, 0x14, 0x93, 0x29, 0x64, 0x87,
    0x2C, 0x93, 0x29, 0x00, 0x14, 0x93, 0x29, 0x5F, 0x83, 0x4C, 0x93, 0x29,
    0x00, 0x14, 0x93, 0x2E, 0x64, 0x83, 0x4C, 0x93, 0x2E, 0x00, 0x14, 0x93,
    0x2D, 0x5F, 0x83, 0x4C, 0x93, 0x2D, 0x00, 0x14, 0x93, 0x2B, 0x5F, 0x82,
    0x54, 0x93, 0x2B, 0x00, 0x14, 0x93, 0x29, 0x5A, 0x64, 0x93, 0x29, 0x00,
    0x14, 0x93, 0x29, 0x64, 0x83, 0x4C, 0x93, 0x29, 0x00, 0x82, 0x04, 0x93,
    0x2B, 0x5A, 0x81, 0x5C, 0x93, 0x2B, 0x00, 0x14, 0x93, 0x2D, 0x5A, 0x83,
    0x4C, 0x93, 0x2D, 0x00, 0x14, 0x93, 0x2B, 0x64, 0x83, 0x4C, 0x93, 0x2B,
    0x00, 0x82, 0x04, 0x93, 0x26, 0x5A, 0x81, 0x5C, 0x93, 0x26, 0x00, 0x14,
    0x93, 0x24, 0x5A, 0x83, 0x4C, 0x93, 0x24, 0x00, 0x14, 0x93, 0x29, 0x64,
    0x83, 0x4C, 0x93, 0x29, 0x00, 0x82, 0x04, 0x93, 0x24, 0x5A, 0x81, 0x5C,
    0x93, 0x24, 0x00, 0x14, 0x93, 0x1D, 0x5A, 0x83, 0x4C, 0x93, 0x1D, 0x00,
    0x14, 0x93, 0x24, 0x64, 0x83, 0x4C, 0x93, 0x24, 0x00, 0x82, 0x04, 0x93,
    0x24, 0x5A, 0x81, 0x5C, 0x93, 0x24, 0x00, 0x14, 0x93, 0x24, 0x5A, 0x83,
    0x4C, 0x93, 0x24, 0x00, 0x14, 0x93, 0x29, 0x64, 0x83, 0x4C, 0x93, 0x29,
    0x00, 0x82, 0x04, 0x93, 0x29, 0x5A, 0x81, 0x5C, 0x93, 0x29, 0x00, 0x14,
    0x93, 0x29, 0x5A, 0x83, 0x4C, 0x93, 0x29, 0x00, 0x14, 0x93, 0x24, 0x64,
    0x83, 0x4C, 0x93, 0x24, 0x00, 0x82, 0x04, 0x93, 0x24, 0x5A, 0x81, 0x5C,
    0x93, 0x24, 0x00, 0x14, 0x93, 0x24, 0x5A, 0x83, 0x4C, 0x93, 0x24, 0x00,
    0x14, 0x93, 0x29, 0x64, 0x83, 0x4C, 0x93, 0x29, 0x00, 0x82, 0x04, 0x93,
    0x29, 0x5A, 0x81, 0x5C, 0x93, 0x29, 0x00, 0x14, 0x93, 0x29, 0x5A, 0x83,
    0x4C, 0x93, 0x29, 0x00, 0x14, 0x93, 0x24, 0x64, 0x83, 0x4C, 0x93, 0x24,
    0x00, 0x14, 0x93, 0x29, 0x5F, 0x83, 0x4C, 0x93, 0x29, 0x00, 0x14, 0x93,
    0x24, 0x5A, 0x83, 0x4C, 0x93, 0x24, 0x00, 0x14, 0x93, 0x26, 0x64, 0x83,
    0x4C, 0x93, 0x26, 0x00, 0x82, 0x04, 0x93, 0x2D, 0x5A, 0x81, 0x5C, 0x93,
    0x2D, 0x00, 0x14, 0x93, 0x32, 0x5F, 0x81, 0x5C, 0x93, 0x32, 0x00, 0x14,
    0x93, 0x2D, 0x5A, 0x81, 0x5C, 0x93, 0x2D, 0x00, 0x14, 0x93, 0x2B, 0x64,
    0x83, 0x4C, 0x93, 0x2B, 0x00, 0x82, 0x04, 0x93, 0x26, 0x5A, 0x81, 0x5C,
    0x93, 0x26, 0x00, 0x14, 0x93, 0x24, 0x5A, 0x83, 0x4C, 0x93, 0x24, 0x00,
    0x14, 0x93, 0x29, 0x5A, 0x83, 0x4C, 0x93, 0x29, 0x00, 0x00, 0xFF, 0x2F,
    0x00, 0x4D, 0x54, 0x72, 0x6B, 0x00, 0x00, 0x02, 0x0B, 0x00, 0xFF, 0x7F,
    0x04, 0x43, 0x00, 0x01, 0x00, 0x00, 0xFF, 0x03, 0x24, 0x53, 0x74, 0x72,
    0x69, 0x6E, 0x67, 0x73, 0x20, 0x20, 0x20, 0x20, 0x20, 0x20, 0x20, 0x20,
    0x20, 0x20, 0x20, 0x20, 0x20, 0x20, 0x20, 0x20, 0x20, 0x20, 0x20, 0x20,
    0x20, 0x20, 0x20, 0x20, 0x20, 0x20, 0x20, 0x20, 0x20, 0x00, 0xFF, 0x21,
    0x01, 0x00, 0x87, 0x5E, 0xB4, 0x00, 0x00, 0x0A, 0xB4, 0x20, 0x00, 0x0A,
    0xC4, 0x30, 0x0A, 0xB4, 0x07, 0x46, 0x0A, 0xB4, 0x0B, 0x5A, 0x0A, 0xB4,
    0x0A, 0x4B, 0x0A, 0xB4, 0x5B, 0x50, 0x0A, 0xB4, 0x5D, 0x00, 0x0A, 0xB4,
    0x5E, 0x00, 0x0A, 0xB4, 0x65, 0x00, 0x0A, 0xB4, 0x64, 0x00, 0x0A, 0xB4,
    0x06, 0x0C, 0x82, 0x54, 0xB4, 0x0B, 0x46, 0x00, 0x94, 0x45, 0x5A, 0x0A,
    0xB4, 0x0B, 0x47, 0x0A, 0xB4, 0x0B, 0x48, 0x0A, 0xB4, 0x0B, 0x49, 0x0A,
    0xB4, 0x0B, 0x4A, 0x14, 0xB4, 0x0B, 0x4B, 0x14, 0xB4, 0x0B, 0x4C, 0x0A,
    0xB4, 0x0B, 0x4D, 0x14, 0xB4, 0x0B, 0x4E, 0x14, 0xB4, 0x0B, 0x4F, 0x1E,
    0xB4, 0x0B, 0x50, 0x14, 0xB4, 0x0B, 0x51, 0x1E, 0xB4, 0x0B, 0x52, 0x1E,
    0xB4, 0x0B, 0x53, 0x1E, 0xB4, 0x0B, 0x54, 0x28, 0xB4, 0x0B, 0x55, 0x32,
    0xB4, 0x0B, 0x56, 0x32, 0xB4, 0x0B, 0x57, 0x50, 0xB4, 0x0B, 0x58, 0x64,
    0xB4, 0x0B, 0x59, 0x81, 0x34, 0xB4, 0x0B, 0x5A, 0x85, 0x0A, 0x94, 0x45,
    0x00, 0x14, 0x94, 0x46, 0x5F, 0x8B, 0x0C, 0x94, 0x46, 0x00, 0x14, 0x94,
    0x45, 0x5F, 0x83, 0x4C, 0x94, 0x45, 0x00, 0x14, 0x94, 0x48, 0x5A, 0x83,
    0x4C, 0x94, 0x48, 0x00, 0x14, 0x94, 0x4D, 0x5F, 0x81, 0x5C, 0x94, 0x4D,
    0x00, 0x14, 0x94, 0x4A, 0x5A, 0x81, 0x5C, 0x94, 0x4A, 0x00, 0x14, 0x94,
    0x48, 0x50, 0x87, 0x2C, 0x94, 0x48, 0x00, 0x83, 0x74, 0x94, 0x46, 0x5F,
    0x83, 0x4C, 0x94, 0x46, 0x00, 0x14, 0x94, 0x45, 0x5A, 0x83, 0x4C, 0x94,
    0x45, 0x00, 0x14, 0x94, 0x43, 0x5A, 0x83, 0x4C, 0x94, 0x43, 0x00, 0x14,
    0x94, 0x41, 0x5F, 0x87, 0x2C, 0x94, 0x41, 0x00, 0x14, 0x94, 0x41, 0x5A,
    0x83, 0x4C, 0x94, 0x41, 0x00, 0x14, 0x94, 0x43, 0x5F, 0x87, 0x2C, 0x94,
    0x43, 0x00, 0x14, 0x94, 0x40, 0x5A, 0x83, 0x4C, 0x94, 0x40, 0x00, 0x14,
    0x94, 0x41, 0x50, 0x87, 0x2C, 0x94, 0x41, 0x00, 0x83, 0x74, 0x94, 0x43,
    0x50, 0x00, 0x94, 0x48, 0x5F, 0x8B, 0x0C, 0x94, 0x43, 0x00, 0x14, 0x94,
    0x45, 0x50, 0x8B, 0x0C, 0x94, 0x45, 0x00, 0x14, 0x94, 0x46, 0x50, 0x8B,
    0x0C, 0x94, 0x46, 0x00, 0x87, 0x40, 0x94, 0x48, 0x00, 0x8F, 0x14, 0x94,
    0x4A, 0x5F, 0x85, 0x3C, 0x94, 0x4A, 0x00, 0x14, 0x94, 0x4A, 0x5A, 0x81,
    0x5C, 0x94, 0x4A, 0x00, 0x14, 0x94, 0x46, 0x5A, 0x83, 0x4C, 0x94, 0x46,
    0x00, 0x14, 0x94, 0x43, 0x5F, 0x87, 0x2C, 0x94, 0x43, 0x00, 0x14, 0x94,
    0x40, 0x5A, 0x83, 0x4C, 0x94, 0x40, 0x00, 0x14, 0xB4, 0x0B, 0x5A, 0x00,
    0x94, 0x41, 0x50, 0x83, 0x06, 0xB4, 0x0B, 0x59, 0x78, 0xB4, 0x0B, 0x58,
    0x3C, 0xB4, 0x0B, 0x57, 0x32, 0xB4, 0x0B, 0x56, 0x28, 0xB4, 0x0B, 0x55,
    0x1E, 0xB4, 0x0B, 0x54, 0x1E, 0xB4, 0x0B, 0x53, 0x14, 0xB4, 0x0B, 0x52,
    0x14, 0xB4, 0x0B, 0x51, 0x14, 0xB4, 0x0B, 0x50, 0x0A, 0xB4, 0x0B, 0x4F,
    0x14, 0xB4, 0x0B, 0x4E, 0x0A, 0xB4, 0x0B, 0x4D, 0x14, 0xB4, 0x0B, 0x4B,
    0x14, 0xB4, 0x0B, 0x4A, 0x0A, 0xB4, 0x0B, 0x49, 0x0A, 0xB4, 0x0B, 0x48,
    0x0A, 0xB4, 0x0B, 0x47, 0x0A, 0xB4, 0x0B, 0x45, 0x0A, 0xB4, 0x0B, 0x44,
    0x0A, 0xB4, 0x0B, 0x43, 0x0A, 0xB4, 0x0B, 0x41, 0x0A, 0x94, 0x41, 0x00,
    0x00, 0xB4, 0x0B, 0x40, 0x0A, 0xB4, 0x0B, 0x3E, 0x0A, 0xB4, 0x0B, 0x3C,
    0x00, 0xFF, 0x2F, 0x00, 0x4D, 0x54, 0x72, 0x6B, 0x00, 0x00, 0x06, 0x60,
    0x00, 0xFF, 0x7F, 0x04, 0x43, 0x00, 0x01, 0x00, 0x00, 0xFF, 0x03, 0x24,
    0x50, 0x69, 0x61, 0x6E, 0x6F, 0x20, 0x20, 0x20, 0x20, 0x20, 0x20, 0x20,
    0x20, 0x20, 0x20, 0x20, 0x20, 0x20, 0x20, 0x20, 0x20, 0x20, 0x20, 0x20,
    0x20, 0x20, 0x20, 0x20, 0x20, 0x20, 0x20, 0x20, 0x20, 0x20, 0x20, 0x20,
    0x00, 0xFF, 0x21, 0x01, 0x00, 0x87, 0x68, 0xB5, 0x00, 0x00, 0x0A, 0xB5,
    0x20, 0x00, 0x0A, 0xC5, 0x00, 0x0A, 0xB5, 0x07, 0x50, 0x0A, 0xB5, 0x0B,
    0x6E, 0x0A, 0xB5, 0x0A, 0x2D, 0x0A, 0xB5, 0x5B, 0x50, 0x0A, 0xB5, 0x5D,
    0x3C, 0x0A, 0xB5, 0x5E, 0x00, 0x0A, 0xB5, 0x65, 0x00, 0x0A, 0xB5, 0x64,
    0x00, 0x0A, 0xB5, 0x06, 0x0C, 0x82, 0x4A, 0x95, 0x41, 0x64, 0x00, 0x95,
    0x39, 0x5A, 0x64, 0xB5, 0x40, 0x7F, 0x78, 0x95, 0x39, 0x00, 0x00, 0x95,
    0x41, 0x00, 0x14, 0x95, 0x3C, 0x5A, 0x81, 0x5C, 0x95, 0x3C, 0x00, 0x14,
    0x95, 0x39, 0x64, 0x81, 0x5C, 0x95, 0x39, 0x00, 0x14, 0x95, 0x3C, 0x5A,
    0x81, 0x5C, 0x95, 0x3C, 0x00, 0x14, 0x95, 0x41, 0x64, 0x00, 0x95, 0x39,
    0x5A, 0x81, 0x5C, 0x95, 0x39, 0x00, 0x00, 0x95, 0x41, 0x00, 0x14, 0x95,
    0x3C, 0x5A, 0x00, 0xB5, 0x40, 0x00, 0x81, 0x5C, 0x95, 0x3C, 0x00, 0x14,
    0x95, 0x43, 0x64, 0x00, 0x95, 0x40, 0x5A, 0x64, 0xB5, 0x40, 0x7F, 0x78,
    0x95, 0x40, 0x00, 0x00, 0x95, 0x43, 0x00, 0x14, 0x95, 0x3C, 0x5A, 0x81,
    0x5C, 0x95, 0x3C, 0x00, 0x14, 0x95, 0x43, 0x64, 0x00, 0x95, 0x40, 0x5A,
    0x81, 0x5C, 0x95, 0x40, 0x00, 0x00, 0x95, 0x43, 0x00, 0x14, 0x95, 0x45,
    0x5A, 0x00, 0x95, 0x41, 0x50, 0x81, 0x5C, 0x95, 0x41, 0x00, 0x00, 0x95,
    0x45, 0x00, 0x14, 0x95, 0x43, 0x64, 0x00, 0x95, 0x40, 0x5A, 0x81, 0x5C,
    0x95, 0x40, 0x00, 0x00, 0x95, 0x43, 0x00, 0x0A, 0xB5, 0x40, 0x00, 0x0A,
    0x95, 0x3C, 0x5A, 0x81, 0x5C, 0x95, 0x3C, 0x00, 0x14, 0x95, 0x45, 0x64,
    0x00, 0x95, 0x41, 0x5A, 0x6E, 0xB5, 0x40, 0x7F, 0x6E, 0x95, 0x41, 0x00,
    0x00, 0x95, 0x45, 0x00, 0x14, 0x95, 0x3C, 0x5A, 0x81, 0x5C, 0x95, 0x3C,
    0x00, 0x14, 0x95, 0x45, 0x64, 0x00, 0x95, 0x41, 0x5A, 0x81, 0x5C, 0x95,
    0x41, 0x00, 0x00, 0x95, 0x45, 0x00, 0x00, 0xB5, 0x40, 0x00, 0x14, 0x95,
    0x3C, 0x5A, 0x81, 0x5C, 0x95, 0x3C, 0x00, 0x14, 0x95, 0x46, 0x64, 0x00,
    0x95, 0x41, 0x5A, 0x50, 0xB5, 0x40, 0x7F, 0x81, 0x0C, 0x95, 0x41, 0x00,
    0x00, 0x95, 0x46, 0x00, 0x14, 0x95, 0x3C, 0x5A, 0x00, 0xB5, 0x40, 0x00,
    0x81, 0x5C, 0x95, 0x3C, 0x00, 0x14, 0x95, 0x48, 0x64, 0x00, 0x95, 0x41,
    0x5A, 0x6E, 0xB5, 0x40, 0x7F, 0x6E, 0x95, 0x41, 0x00, 0x00, 0x95, 0x48,
    0x00, 0x14, 0x95, 0x3C, 0x5A, 0x81, 0x5C, 0x95, 0x3C, 0x00, 0x14, 0x95,
    0x41, 0x64, 0x81, 0x5C, 0x95, 0x41, 0x00, 0x14, 0x95, 0x3C, 0x5A, 0x81,
    0x5C, 0x95, 0x3C, 0x00, 0x14, 0x95, 0x45, 0x64, 0x81, 0x5C, 0x95, 0x45,
    0x00, 0x14, 0x95, 0x3C, 0x5A, 0x00, 0xB5, 0x40, 0x00, 0x81, 0x5C, 0x95,
    0x3C, 0x00, 0x14, 0x95, 0x46, 0x64, 0x00, 0x95, 0x43, 0x5A, 0x28, 0xB5,
    0x40, 0x7F, 0x81, 0x34, 0x95, 0x43, 0x00, 0x00, 0x95, 0x46, 0x00, 0x14,
    0x95, 0x3E, 0x5A, 0x81, 0x0C, 0xB5, 0x40, 0x00, 0x50, 0x95, 0x3E, 0x00,
    0x14, 0x95, 0x48, 0x64, 0x00, 0x95, 0x41, 0x5A, 0x32, 0xB5, 0x40, 0x7F,
    0x81, 0x2A, 0x95, 0x41, 0x00, 0x00, 0x95, 0x48, 0x00, 0x14, 0x95, 0x45,
    0x5A, 0x81, 0x16, 0xB5, 0x40, 0x00, 0x46, 0x95, 0x45, 0x00, 0x14, 0x95,
    0x4A, 0x64, 0x00, 0x95, 0x46, 0x5A, 0x28, 0xB5, 0x40, 0x7F, 0x81, 0x34,
    0x95, 0x46, 0x00, 0x00, 0x95, 0x4A, 0x00, 0x14, 0x95, 0x40, 0x5A, 0x64,
    0xB5, 0x40, 0x00, 0x78, 0x95, 0x40, 0x00, 0x14, 0x95, 0x45, 0x64, 0x00,
    0x95, 0x41, 0x5A, 0x78, 0xB5, 0x40, 0x7F, 0x64, 0x95, 0x41, 0x00, 0x00,
    0x95, 0x45, 0x00, 0x14, 0x95, 0x3C, 0x5A, 0x81, 0x5C, 0x95, 0x3C, 0x00,
    0x14, 0x95, 0x43, 0x64, 0x00, 0x95, 0x40, 0x5F, 0x81, 0x3E, 0xB5, 0x40,
    0x00, 0x1E, 0x95, 0x40, 0x00, 0x00, 0x95, 0x43, 0x00, 0x14, 0x95, 0x46,
    0x64, 0x00, 0x95, 0x3C, 0x5A, 0x81, 0x5C, 0x95, 0x3C, 0x00, 0x00, 0x95,
    0x46, 0x00, 0x14, 0x95, 0x45, 0x64, 0x00, 0x95, 0x41, 0x5A, 0x32, 0xB5,
    0x40, 0x7F, 0x81, 0x2A, 0x95, 0x41, 0x00, 0x00, 0x95, 0x45, 0x00, 0x14,
    0x95, 0x3C, 0x5A, 0x81, 0x2A, 0xB5, 0x40, 0x00, 0x32, 0x95, 0x3C, 0x00,
    0x14, 0x95, 0x43, 0x64, 0x00, 0x95, 0x3E, 0x5A, 0x78, 0xB5, 0x40, 0x7F,
    0x64, 0x95, 0x3E, 0x00, 0x00, 0x95, 0x43, 0x00, 0x14, 0x95, 0x3C, 0x5A,
    0x81, 0x5C, 0x95, 0x3C, 0x00, 0x14, 0x95, 0x43, 0x64, 0x00, 0x95, 0x3A,
    0x5A, 0x81, 0x5C, 0x95, 0x3A, 0x00, 0x00, 0x95, 0x43, 0x00, 0x14, 0x95,
    0x3E, 0x5A, 0x00, 0xB5, 0x40, 0x00, 0x81, 0x5C, 0x95, 0x3E, 0x00, 0x14,
    0x95, 0x40, 0x64, 0x00, 0x95, 0x3C, 0x5A, 0x28, 0xB5, 0x40, 0x7F, 0x81,
    0x34, 0x95, 0x3C, 0x00, 0x00, 0x95, 0x40, 0x00, 0x14, 0x95, 0x3A, 0x5A,
    0x81, 0x20, 0xB5, 0x40, 0x00, 0x3C, 0x95, 0x3A, 0x00, 0x14, 0x95, 0x41,
    0x64, 0x00, 0x95, 0x39, 0x5A, 0x78, 0xB5, 0x40, 0x7F, 0x64, 0x95, 0x39,
    0x00, 0x00, 0x95, 0x41, 0x00, 0x14, 0x95, 0x3C, 0x5A, 0x81, 0x5C, 0x95,
    0x3C, 0x00, 0x14, 0x95, 0x39, 0x64, 0x81, 0x5C, 0x95, 0x39, 0x00, 0x14,
    0x95, 0x3C, 0x5A, 0x81, 0x5C, 0x95, 0x3C, 0x00, 0x14, 0x95, 0x41, 0x64,
    0x00, 0x95, 0x39, 0x5A, 0x81, 0x70, 0xB5, 0x40, 0x00, 0x81, 0x5C, 0x95,
    0x39, 0x00, 0x00, 0x95, 0x41, 0x00, 0x14, 0x95, 0x43, 0x64, 0x00, 0x95,
    0x40, 0x5A, 0x00, 0x95, 0x30, 0x55, 0x50, 0xB5, 0x40, 0x7F, 0x81, 0x0C,
    0x95, 0x40, 0x00, 0x00, 0x95, 0x43, 0x00, 0x14, 0x95, 0x41, 0x5A, 0x00,
    0x95, 0x3E, 0x50, 0x81, 0x5C, 0x95, 0x3E, 0x00, 0x00, 0x95, 0x41, 0x00,
    0x00, 0x95, 0x30, 0x00, 0x14, 0x95, 0x43, 0x64, 0x00, 0x95, 0x40, 0x5A,
    0x00, 0x95, 0x24, 0x55, 0x81, 0x5C, 0x95, 0x24, 0x00, 0x0A, 0xB5, 0x40,
    0x00, 0x0A, 0x95, 0x30, 0x5A, 0x81, 0x5C, 0x95, 0x30, 0x00, 0x00, 0x95,
    0x40, 0x00, 0x00, 0x95, 0x43, 0x00, 0x14, 0x95, 0x3C, 0x64, 0x00, 0x95,
    0x3A, 0x5A, 0x00, 0x95, 0x34, 0x55, 0x28, 0xB5, 0x40, 0x7F, 0x81, 0x34,
    0x95, 0x34, 0x00, 0x14, 0x95, 0x30, 0x5A, 0x81, 0x20, 0xB5, 0x40, 0x00,
    0x3C, 0x95, 0x30, 0x00, 0x00, 0x95, 0x3A, 0x00, 0x00, 0x95, 0x3C, 0x00,
    0x14, 0x95, 0x41, 0x64, 0x00, 0x95, 0x39, 0x5A, 0x00, 0x95, 0x35, 0x55,
    0x32, 0xB5, 0x40, 0x7F, 0x81, 0x2A, 0x95, 0x35, 0x00, 0x00, 0x95, 0x39,
    0x00, 0x00, 0x95, 0x41, 0x00, 0x14, 0x95, 0x43, 0x64, 0x00, 0x95, 0x3C,
    0x5A, 0x00, 0x95, 0x34, 0x55, 0x81, 0x5C, 0x95, 0x34, 0x00, 0x00, 0x95,
    0x3C, 0x00, 0x00, 0x95, 0x43, 0x00, 0x14, 0x95, 0x45, 0x64, 0x00, 0x95,
    0x3C, 0x5A, 0x00, 0x95, 0x35, 0x55, 0x81, 0x5C, 0x95, 0x35, 0x00, 0x14,
    0x95, 0x30, 0x5A, 0x00, 0xB5, 0x40, 0x00, 0x81, 0x5C, 0x95, 0x30, 0x00,
    0x00, 0x95, 0x3C, 0x00, 0x00, 0x95, 0x45, 0x00, 0x14, 0x95, 0x45, 0x64,
    0x00, 0x95, 0x3C, 0x5A, 0x00, 0x95, 0x29, 0x55, 0x28, 0xB5, 0x40, 0x7F,
    0x81, 0x34, 0x95, 0x29, 0x00, 0x14, 0x95, 0x35, 0x5A, 0x81, 0x20, 0xB5,
    0x40, 0x00, 0x3C, 0x95, 0x35, 0x00, 0x00, 0x95, 0x3C, 0x00, 0x00, 0x95,
    0x45, 0x00, 0x14, 0x95, 0x46, 0x64, 0x00, 0x95, 0x40, 0x5A, 0x00, 0x95,
    0x3C, 0x55, 0x00, 0x95, 0x37, 0x50, 0x32, 0xB5, 0x40, 0x7F, 0x81, 0x2A,
    0x95, 0x37, 0x00, 0x00, 0x95, 0x3C, 0x00, 0x00, 0x95, 0x40, 0x00, 0x00,
    0x95, 0x46, 0x00, 0x14, 0x95, 0x45, 0x64, 0x00, 0x95, 0x41, 0x5A, 0x00,
    0x95, 0x35, 0x55, 0x81, 0x48, 0xB5, 0x40, 0x00, 0x14, 0x95, 0x35, 0x00,
    0x00, 0x95, 0x41, 0x00, 0x00, 0x95, 0x45, 0x00, 0x14, 0x95, 0x46, 0x64,
    0x00, 0x95, 0x40, 0x5A, 0x00, 0x95, 0x3C, 0x55, 0x00, 0x95, 0x37, 0x50,
    0x32, 0xB5, 0x40, 0x7F, 0x83, 0x1A, 0x95, 0x37, 0x00, 0x14, 0x95, 0x30,
    0x5A, 0x81, 0x5C, 0x95, 0x3C, 0x00, 0x00, 0x95, 0x40, 0x00, 0x00, 0x95,
    0x46, 0x00, 0x14, 0x95, 0x4A, 0x64, 0x00, 0x95, 0x43, 0x5A, 0x00, 0x95,
    0x40, 0x55, 0x28, 0xB5, 0x40, 0x00, 0x81, 0x34, 0x95, 0x40, 0x00, 0x00,
    0x95, 0x43, 0x00, 0x00, 0x95, 0x4A, 0x00, 0x00, 0x95, 0x30, 0x00, 0x14,
    0x95, 0x48, 0x64, 0x00, 0x95, 0x41, 0x5A, 0x00, 0x95, 0x2D, 0x55, 0x3C,
    0xB5, 0x40, 0x7F, 0x81, 0x20, 0x95, 0x2D, 0x00, 0x00, 0x95, 0x41, 0x00,
    0x00, 0x95, 0x48, 0x00, 0x14, 0x95, 0x46, 0x64, 0x00, 0x95, 0x40, 0x5A,
    0x00, 0x95, 0x30, 0x55, 0x81, 0x5C, 0x95, 0x30, 0x00, 0x00, 0x95, 0x40,
    0x00, 0x00, 0x95, 0x46, 0x00, 0x14, 0x95, 0x45, 0x64, 0x00, 0x95, 0x41,
    0x5A, 0x00, 0x95, 0x35, 0x55, 0x83, 0x4C, 0x95, 0x35, 0x00, 0x00, 0x95,
    0x41, 0x00, 0x00, 0x95, 0x45, 0x00, 0x0A, 0xB5, 0x40, 0x00, 0x83, 0x6A,
    0x95, 0x48, 0x64, 0x00, 0x95, 0x43, 0x5A, 0x00, 0x95, 0x3C, 0x55, 0x00,
    0x95, 0x34, 0x50, 0x28, 0xB5, 0x40, 0x7F, 0x81, 0x34, 0x95, 0x3C, 0x00,
    0x00, 0x95, 0x43, 0x00, 0x00, 0x95, 0x48, 0x00, 0x81, 0x3E, 0xB5, 0x40,
    0x00, 0x32, 0x95, 0x34, 0x00, 0x14, 0x95, 0x48, 0x64, 0x00, 0x95, 0x45,
    0x5A, 0x00, 0x95, 0x3C, 0x55, 0x00, 0x95, 0x35, 0x50, 0x3C, 0xB5, 0x40,
    0x7F, 0x81, 0x20, 0x95, 0x3C, 0x00, 0x00, 0x95, 0x45, 0x00, 0x00, 0x95,
    0x48, 0x00, 0x81, 0x5C, 0xB5, 0x40, 0x00, 0x14, 0x95, 0x35, 0x00, 0x14,
    0x95, 0x48, 0x64, 0x00, 0x95, 0x40, 0x5A, 0x00, 0x95, 0x3C, 0x55, 0x00,
    0x95, 0x37, 0x50, 0x28, 0xB5, 0x40, 0x7F, 0x81, 0x34, 0x95, 0x3C, 0x00,
    0x00, 0x95, 0x40, 0x00, 0x00, 0x95, 0x48, 0x00, 0x81, 0x34, 0xB5, 0x40,
    0x00, 0x3C, 0x95, 0x37, 0x00, 0x14, 0x95, 0x41, 0x64, 0x00, 0x95, 0x3C,
    0x5A, 0x00, 0x95, 0x39, 0x55, 0x46, 0xB5, 0x40, 0x7F, 0x83, 0x06, 0x95,
    0x3C, 0x00, 0x00, 0x95, 0x41, 0x00, 0x81, 0x70, 0x95, 0x39, 0x00, 0x14,
    0x95, 0x43, 0x64, 0x00, 0x95, 0x40, 0x5A, 0x00, 0x95, 0x3C, 0x55, 0x00,
    0x95, 0x37, 0x50, 0x64, 0x95, 0x3C, 0x00, 0x00, 0x95, 0x40, 0x00, 0x00,
    0x95, 0x43, 0x00, 0x78, 0x95, 0x37, 0x00, 0x14, 0x95, 0x45, 0x64, 0x00,
    0x95, 0x41, 0x5A, 0x00, 0x95, 0x3C, 0x55, 0x00, 0x95, 0x35, 0x50, 0x81,
    0x5C, 0x95, 0x3C, 0x00, 0x00, 0x95, 0x41, 0x00, 0x00, 0x95, 0x45, 0x00,
    0x81, 0x16, 0xB5, 0x40, 0x00, 0x5A, 0x95, 0x35, 0x00, 0x14, 0x95, 0x46,
    0x64, 0x00, 0x95, 0x3A, 0x5A, 0x3C, 0xB5, 0x40, 0x7F, 0x81, 0x20, 0x95,
    0x3A, 0x00, 0x00, 0x95, 0x46, 0x00, 0x14, 0x95, 0x41, 0x5A, 0x81, 0x5C,
    0x95, 0x41, 0x00, 0x14, 0x95, 0x46, 0x64, 0x00, 0x95, 0x43, 0x5A, 0x81,
    0x5C, 0x95, 0x43, 0x00, 0x00, 0x95, 0x46, 0x00, 0x14, 0x95, 0x3E, 0x5A,
    0x81, 0x2A, 0xB5, 0x40, 0x00, 0x32, 0x95, 0x3E, 0x00, 0x14, 0x95, 0x43,
    0x64, 0x00, 0x95, 0x40, 0x5A, 0x28, 0xB5, 0x40, 0x7F, 0x81, 0x34, 0x95,
    0x40, 0x00, 0x00, 0x95, 0x43, 0x00, 0x14, 0x95, 0x3C, 0x5A, 0x81, 0x20,
    0xB5, 0x40, 0x00, 0x3C, 0x95, 0x3C, 0x00, 0x14, 0x95, 0x45, 0x55, 0x00,
    0x95, 0x3C, 0x50, 0x28, 0xB5, 0x40, 0x7F, 0x87, 0x04, 0x95, 0x3C, 0x00,
    0x00, 0x95, 0x45, 0x00, 0x14, 0xB5, 0x40, 0x00, 0x00, 0xFF, 0x2F, 0x00,
    0x4D, 0x54, 0x72, 0x6B, 0x00, 0x00, 0x00, 0x69, 0x00, 0xFF, 0x7F, 0x04,
    0x43, 0x00, 0x01, 0x00, 0x00, 0xFF, 0x03, 0x24, 0x20, 0x20, 0x20, 0x20,
    0x20, 0x20, 0x20, 0x20, 0x20, 0x20, 0x20, 0x20, 0x20, 0x20, 0x20, 0x20,
    0x20, 0x20, 0x20, 0x20, 0x20, 0x20, 0x20, 0x20, 0x20, 0x20, 0x20, 0x20,
    0x20, 0x20, 0x20, 0x20, 0x20, 0x20, 0x20, 0x20, 0x00, 0xFF, 0x21, 0x01,
    0x00, 0x87, 0x72, 0xB6, 0x00, 0x00, 0x0A, 0xB6, 0x20, 0x00, 0x0A, 0xC6,
    0x00, 0x0A, 0xB6, 0x07, 0x78, 0x0A, 0xB6, 0x0B, 0x6E, 0x0A, 0xB6, 0x0A,
    0x40, 0x0A, 0xB6, 0x5B, 0x28, 0x0A, 0xB6, 0x5D, 0x00, 0x0A, 0xB6, 0x5E,
    0x00, 0x0A, 0xB6, 0x65, 0x00, 0x0A, 0xB6, 0x64, 0x00, 0x0A, 0xB6, 0x06,
    0x0C, 0x00, 0xFF, 0x2F, 0x00, 0x4D, 0x54, 0x72, 0x6B, 0x00, 0x00, 0x00,
    0x69, 0x00, 0xFF, 0x7F, 0x04, 0x43, 0x00, 0x01, 0x00, 0x00, 0xFF, 0x03,
    0x24, 0x20, 0x20, 0x20, 0x20, 0x20, 0x20, 0x20, 0x20, 0x20, 0x20, 0x20,
    0x20, 0x20, 0x20, 0x20, 0x20, 0x20, 0x20, 0x20, 0x20, 0x20, 0x20, 0x20,
    0x20, 0x20, 0x20, 0x20, 0x20, 0x20, 0x20, 0x20, 0x20, 0x20, 0x20, 0x20,
    0x20, 0x00, 0xFF, 0x21, 0x01, 0x00, 0x87, 0x7C, 0xB7, 0x00, 0x00, 0x0A,
    0xB7, 0x20, 0x00, 0x0A, 0xC7, 0x00, 0x0A, 0xB7, 0x07, 0x78, 0x0A, 0xB7,
    0x0B, 0x6E, 0x0A, 0xB7, 0x0A, 0x40, 0x0A, 0xB7, 0x5B, 0x28, 0x0A, 0xB7,
    0x5D, 0x00, 0x0A, 0xB7, 0x5E, 0x00, 0x0A, 0xB7, 0x65, 0x00, 0x0A, 0xB7,
    0x64, 0x00, 0x0A, 0xB7, 0x06, 0x0C, 0x00, 0xFF, 0x2F, 0x00, 0x4D, 0x54,
    0x72, 0x6B, 0x00, 0x00, 0x00, 0x69, 0x00, 0xFF, 0x7F, 0x04, 0x43, 0x00,
    0x01, 0x00, 0x00, 0xFF, 0x03, 0x24, 0x20, 0x20, 0x20, 0x20, 0x20, 0x20,
    0x20, 0x20, 0x20, 0x20, 0x20, 0x20, 0x20, 0x20, 0x20, 0x20, 0x20, 0x20,
    0x20, 0x20, 0x20, 0x20, 0x20, 0x20, 0x20, 0x20, 0x20, 0x20, 0x20, 0x20,
    0x20, 0x20, 0x20, 0x20, 0x20, 0x20, 0x00, 0xFF, 0x21, 0x01, 0x00, 0x88,
    0x06, 0xB8, 0x00, 0x00, 0x0A, 0xB8, 0x20, 0x00, 0x0A, 0xC8, 0x00, 0x0A,
    0xB8, 0x07, 0x78, 0x0A, 0xB8, 0x0B, 0x6E, 0x0A, 0xB8, 0x0A, 0x40, 0x0A,
    0xB8, 0x5B, 0x28, 0x0A, 0xB8, 0x5D, 0x00, 0x0A, 0xB8, 0x5E, 0x00, 0x0A,
    0xB8, 0x65, 0x00, 0x0A, 0xB8, 0x64, 0x00, 0x0A, 0xB8, 0x06, 0x0C, 0x00,
    0xFF, 0x2F, 0x00, 0x4D, 0x54, 0x72, 0x6B, 0x00, 0x00, 0x00, 0x69, 0x00,
    0xFF, 0x7F, 0x04, 0x43, 0x00, 0x01, 0x00, 0x00, 0xFF, 0x03, 0x24, 0x20,
    0x20, 0x20, 0x20, 0x20, 0x20, 0x20, 0x20, 0x20, 0x20, 0x20, 0x20, 0x20,
    0x20, 0x20, 0x20, 0x20, 0x20, 0x20, 0x20, 0x20, 0x20, 0x20, 0x20, 0x20,
    0x20, 0x20, 0x20, 0x20, 0x20, 0x20, 0x20, 0x20, 0x20, 0x20, 0x20, 0x00,
    0xFF, 0x21, 0x01, 0x00, 0x88, 0x10, 0xB9, 0x00, 0x00, 0x0A, 0xB9, 0x20,
    0x00, 0x0A, 0xC9, 0x00, 0x0A, 0xB9, 0x07, 0x78, 0x0A, 0xB9, 0x0B, 0x6E,
    0x0A, 0xB9, 0x0A, 0x40, 0x0A, 0xB9, 0x5B, 0x28, 0x0A, 0xB9, 0x5D, 0x00,
    0x0A, 0xB9, 0x5E, 0x00, 0x0A, 0xB9, 0x65, 0x00, 0x0A, 0xB9, 0x64, 0x00,
    0x0A, 0xB9, 0x06, 0x0C, 0x00, 0xFF, 0x2F, 0x00, 0x4D, 0x54, 0x72, 0x6B,
    0x00, 0x00, 0x00, 0x69, 0x00, 0xFF, 0x7F, 0x04, 0x43, 0x00, 0x01, 0x00,
    0x00, 0xFF, 0x03, 0x24, 0x20, 0x20, 0x20, 0x20, 0x20, 0x20, 0x20, 0x20,
    0x20, 0x20, 0x20, 0x20, 0x20, 0x20, 0x20, 0x20, 0x20, 0x20, 0x20, 0x20,
    0x20, 0x20, 0x20, 0x20, 0x20, 0x20, 0x20, 0x20, 0x20, 0x20, 0x20, 0x20,
    0x20, 0x20, 0x20, 0x20, 0x00, 0xFF, 0x21, 0x01, 0x00, 0x88, 0x1A, 0xBA,
    0x00, 0x00, 0x0A, 0xBA, 0x20, 0x00, 0x0A, 0xCA, 0x00, 0x0A, 0xBA, 0x07,
    0x78, 0x0A, 0xBA, 0x0B, 0x6E, 0x0A, 0xBA, 0x0A, 0x40, 0x0A, 0xBA, 0x5B,
    0x28, 0x0A, 0xBA, 0x5D, 0x00, 0x0A, 0xBA, 0x5E, 0x00, 0x0A, 0xBA, 0x65,
    0x00, 0x0A, 0xBA, 0x64, 0x00, 0x0A, 0xBA, 0x06, 0x0C, 0x00, 0xFF, 0x2F,
    0x00, 0x4D, 0x54, 0x72, 0x6B, 0x00, 0x00, 0x00, 0x69, 0x00, 0xFF, 0x7F,
    0x04, 0x43, 0x00, 0x01, 0x00, 0x00, 0xFF, 0x03, 0x24, 0x20, 0x20, 0x20,
    0x20, 0x20, 0x20, 0x20, 0x20, 0x20, 0x20, 0x20, 0x20, 0x20, 0x20, 0x20,
    0x20, 0x20, 0x20, 0x20, 0x20, 0x20, 0x20, 0x20, 0x20, 0x20, 0x20, 0x20,
    0x20, 0x20, 0x20, 0x20, 0x20, 0x20, 0x20, 0x20, 0x20, 0x00, 0xFF, 0x21,
    0x01, 0x00, 0x88, 0x24, 0xBB, 0x00, 0x00, 0x0A, 0xBB, 0x20, 0x00, 0x0A,
    0xCB, 0x00, 0x0A, 0xBB, 0x07, 0x78, 0x0A, 0xBB, 0x0B, 0x6E, 0x0A, 0xBB,
    0x0A, 0x40, 0x0A, 0xBB, 0x5B, 0x28, 0x0A, 0xBB, 0x5D, 0x00, 0x0A, 0xBB,
    0x5E, 0x00, 0x0A, 0xBB, 0x65, 0x00, 0x0A, 0xBB, 0x64, 0x00, 0x0A, 0xBB,
    0x06, 0x0C, 0x00, 0xFF, 0x2F, 0x00, 0x4D, 0x54, 0x72, 0x6B, 0x00, 0x00,
    0x00, 0x69, 0x00, 0xFF, 0x7F, 0x04, 0x43, 0x00, 0x01, 0x00, 0x00, 0xFF,
    0x03, 0x24, 0x20, 0x20, 0x20, 0x20, 0x20, 0x20, 0x20, 0x20, 0x20, 0x20,
    0x20, 0x20, 0x20, 0x20, 0x20, 0x20, 0x20, 0x20, 0x20, 0x20, 0x20, 0x20,
    0x20, 0x20, 0x20, 0x20, 0x20, 0x20, 0x20, 0x20, 0x20, 0x20, 0x20, 0x20,
    0x20, 0x20, 0x00, 0xFF, 0x21, 0x01, 0x00, 0x88, 0x2E, 0xBC, 0x00, 0x00,
    0x0A, 0xBC, 0x20, 0x00, 0x0A, 0xCC, 0x00, 0x0A, 0xBC, 0x07, 0x78, 0x0A,
    0xBC, 0x0B, 0x6E, 0x0A, 0xBC, 0x0A, 0x40, 0x0A, 0xBC, 0x5B, 0x28, 0x0A,
    0xBC, 0x5D, 0x00, 0x0A, 0xBC, 0x5E, 0x00, 0x0A, 0xBC, 0x65, 0x00, 0x0A,
    0xBC, 0x64, 0x00, 0x0A, 0xBC, 0x06, 0x0C, 0x00, 0xFF, 0x2F, 0x00, 0x4D,
    0x54, 0x72, 0x6B, 0x00, 0x00, 0x00, 0x69, 0x00, 0xFF, 0x7F, 0x04, 0x43,
    0x00, 0x01, 0x00, 0x00, 0xFF, 0x03, 0x24, 0x20, 0x20, 0x20, 0x20, 0x20,
    0x20, 0x20, 0x20, 0x20, 0x20, 0x20, 0x20, 0x20, 0x20, 0x20, 0x20, 0x20,
    0x20, 0x20, 0x20, 0x20, 0x20, 0x20, 0x20, 0x20, 0x20, 0x20, 0x20, 0x20,
    0x20, 0x20, 0x20, 0x20, 0x20, 0x20, 0x20, 0x00, 0xFF, 0x21, 0x01, 0x00,
    0x88, 0x38, 0xBD, 0x00, 0x00, 0x0A, 0xBD, 0x20, 0x00, 0x0A, 0xCD, 0x00,
    0x0A, 0xBD, 0x07, 0x78, 0x0A, 0xBD, 0x0B, 0x6E, 0x0A, 0xBD, 0x0A, 0x40,
    0x0A, 0xBD, 0x5B, 0x28, 0x0A, 0xBD, 0x5D, 0x00, 0x0A, 0xBD, 0x5E, 0x00,
    0x0A, 0xBD, 0x65, 0x00, 0x0A, 0xBD, 0x64, 0x00, 0x0A, 0xBD, 0x06, 0x0C,
    0x00, 0xFF, 0x2F, 0x00, 0x4D, 0x54, 0x72, 0x6B, 0x00, 0x00, 0x00, 0x69,
    0x00, 0xFF, 0x7F, 0x04, 0x43, 0x00, 0x01, 0x00, 0x00, 0xFF, 0x03, 0x24,
    0x20, 0x20, 0x20, 0x20, 0x20, 0x20, 0x20, 0x20, 0x20, 0x20, 0x20, 0x20,
    0x20, 0x20, 0x20, 0x20, 0x20, 0x20, 0x20, 0x20, 0x20, 0x20, 0x20, 0x20,
    0x20, 0x20, 0x20, 0x20, 0x20, 0x20, 0x20, 0x20, 0x20, 0x20, 0x20, 0x20,
    0x00, 0xFF, 0x21, 0x01, 0x00, 0x88, 0x42, 0xBE, 0x00, 0x00, 0x0A, 0xBE,
    0x20, 0x00, 0x0A, 0xCE, 0x00, 0x0A, 0xBE, 0x07, 0x78, 0x0A, 0xBE, 0x0B,
    0x6E, 0x0A, 0xBE, 0x0A, 0x40, 0x0A, 0xBE, 0x5B, 0x28, 0x0A, 0xBE, 0x5D,
    0x00, 0x0A, 0xBE, 0x5E, 0x00, 0x0A, 0xBE, 0x65, 0x00, 0x0A, 0xBE, 0x64,
    0x00, 0x0A, 0xBE, 0x06, 0x0C, 0x00, 0xFF, 0x2F, 0x00, 0x4D, 0x54, 0x72,
    0x6B, 0x00, 0x00, 0x00, 0x69, 0x00, 0xFF, 0x7F, 0x04, 0x43, 0x00, 0x01,
    0x00, 0x00, 0xFF, 0x03, 0x24, 0x20, 0x20, 0x20, 0x20, 0x20, 0x20, 0x20,
    0x20, 0x20, 0x20, 0x20, 0x20, 0x20, 0x20, 0x20, 0x20, 0x20, 0x20, 0x20,
    0x20, 0x20, 0x20, 0x20, 0x20, 0x20, 0x20, 0x20, 0x20, 0x20, 0x20, 0x20,
    0x20, 0x20, 0x20, 0x20, 0x20, 0x00, 0xFF, 0x21, 0x01, 0x00, 0x88, 0x4C,
    0xBF, 0x00, 0x00, 0x0A, 0xBF, 0x20, 0x00, 0x0A, 0xCF, 0x00, 0x0A, 0xBF,
    0x07, 0x78, 0x0A, 0xBF, 0x0B, 0x6E, 0x0A, 0xBF, 0x0A, 0x40, 0x0A, 0xBF,
    0x5B, 0x28, 0x0A, 0xBF, 0x5D, 0x00, 0x0A, 0xBF, 0x5E, 0x00, 0x0A, 0xBF,
    0x65, 0x00, 0x0A, 0xBF, 0x64, 0x00, 0x0A, 0xBF, 0x06, 0x0C, 0x00, 0xFF,
    0x2F, 0x00,
};

const uint32_t FURUSATO_MIDI_SIZE = sizeof(FURUSATO_MIDI_DATA);

const uint8_t CANON_MIDI_DATA[] = {
    0x4D, 0x54, 0x68, 0x64, 0x00, 0x00, 0x00, 0x06, 0x00, 0x01, 0x00, 0x11,
    0x01, 0xE0, 0x4D, 0x54, 0x72, 0x6B, 0x00, 0x00, 0x00, 0xC4, 0x00, 0xFF,
    0x03, 0x40, 0x83, 0x4A, 0x83, 0x6D, 0x83, 0x93, 0x20, 0x20, 0x20, 0x20,
    0x20, 0x20, 0x20, 0x20, 0x20, 0x20, 0x20, 0x20, 0x20, 0x20, 0x20, 0x20,
    0x20, 0x20, 0x20, 0x20, 0x20, 0x20, 0x20, 0x20, 0x20, 0x20, 0x20, 0x20,
    0x20, 0x20, 0x20, 0x20, 0x20, 0x20, 0x20, 0x20, 0x20, 0x20, 0x20, 0x20,
    0x20, 0x20, 0x20, 0x20, 0x20, 0x20, 0x20, 0x20, 0x20, 0x20, 0x20, 0x20,
    0x20, 0x20, 0x20, 0x20, 0x20, 0x20, 0x00, 0xFF, 0x51, 0x03, 0x09, 0xA3,
    0x1A, 0x00, 0xFF, 0x59, 0x02, 0x02, 0x00, 0x00, 0xFF, 0x58, 0x04, 0x04,
    0x02, 0x18, 0x08, 0x00, 0xFF, 0x01, 0x17, 0x50, 0x72, 0x6F, 0x67, 0x72,
    0x61, 0x6D, 0x6D, 0x65, 0x72, 0x20, 0x6E, 0x61, 0x67, 0x69, 0x73, 0x61,
    0x20, 0x6D, 0x61, 0x74, 0x75, 0x69, 0x87, 0xFC, 0x00, 0xFF, 0x51, 0x03,
    0x09, 0xD8, 0x29, 0x32, 0xFF, 0x51, 0x03, 0x0A, 0x2C, 0x2A, 0x64, 0xFF,
    0x51, 0x03, 0x0A, 0x49, 0x6D, 0x50, 0xFF, 0x51, 0x03, 0x0A, 0x85, 0xF7,
    0x46, 0xFF, 0x51, 0x03, 0x0A, 0xA5, 0x4A, 0x50, 0xFF, 0x51, 0x03, 0x0B,
    0x07, 0xCB, 0x81, 0x3E, 0xFF, 0x51, 0x03, 0x0B, 0x71, 0xB0, 0x82, 0x22,
    0xFF, 0x51, 0x03, 0x0B, 0xE3, 0xD4, 0x84, 0x08, 0xFF, 0x51, 0x03, 0x0C,
    0x35, 0x00, 0x83, 0x24, 0xFF, 0x51, 0x03, 0x0C, 0x5F, 0x3A, 0x00, 0xFF,
    0x2F, 0x00, 0x4D, 0x54, 0x72, 0x6B, 0x00, 0x00, 0x00, 0x59, 0x00, 0xFF,
    0x7F, 0x04, 0x43, 0x00, 0x01, 0x00, 0x00, 0xFF, 0x03, 0x24, 0x53, 0x79,
    0x73, 0x65, 0x78, 0x20, 0x20, 0x20, 0x20, 0x20, 0x20, 0x20, 0x20, 0x20,
    0x20, 0x20, 0x20, 0x20, 0x20, 0x20, 0x20, 0x20, 0x20, 0x20, 0x20, 0x20,
    0x20, 0x20, 0x20, 0x20, 0x20, 0x20, 0x20, 0x20, 0x20, 0x20, 0x00, 0xFF,
    0x21, 0x01, 0x00, 0x00, 0xF0, 0x05, 0x7E, 0x7F, 0x09, 0x01, 0xF7, 0x0A,
    0xF0, 0x0A, 0x41, 0x10, 0x42, 0x12, 0x40, 0x00, 0x7F, 0x00, 0x41, 0xF7,
    0x0A, 0xF0, 0x08, 0x43, 0x10, 0x4C, 0x00, 0x00, 0x7E, 0x00, 0xF7, 0x00,
    0xFF, 0x2F, 0x00, 0x4D, 0x54, 0x72, 0x6B, 0x00, 0x00, 0x0F, 0x4F, 0x00,
    0xFF, 0x7F, 0x04, 0x43, 0x00, 0x01, 0x00, 0x00, 0xFF, 0x03, 0x24, 0x48,
    0x61, 0x72, 0x70, 0x73, 0x69, 0x63, 0x68, 0x6F, 0x72, 0x64, 0x31, 0x20,
    0x20, 0x20, 0x20, 0x20, 0x20, 0x20, 0x20, 0x20, 0x20, 0x20, 0x20, 0x20,
    0x20, 0x20, 0x20, 0x20, 0x20, 0x20, 0x20, 0x20, 0x20, 0x20, 0x20, 0x00,
    0xFF, 0x21, 0x01, 0x00, 0x87, 0x40, 0xB1, 0x00, 0x00, 0x0A, 0xB1, 0x20,
    0x00, 0x0A, 0xC1, 0x06, 0x0A, 0xB1, 0x07, 0x78, 0x0A, 0xB1, 0x0B, 0x6E,
    0x0A, 0xB1, 0x0A, 0x32, 0x0A, 0xB1, 0x5B, 0x50, 0x0A, 0xB1, 0x5D, 0x00,
    0x0A, 0xB1, 0x5E, 0x00, 0x0A, 0xB1, 0x65, 0x00, 0x0A, 0xB1, 0x64, 0x00,
    0x0A, 0xB1, 0x06, 0x0C, 0xC2, 0x52, 0x91, 0x4E, 0x64, 0x87, 0x40, 0x91,
    0x4E, 0x00, 0x00, 0x91, 0x4C, 0x5F, 0x87, 0x40, 0x91, 0x4C, 0x00, 0x00,
    0x91, 0x4A, 0x64, 0x87, 0x40, 0x91, 0x4A, 0x00, 0x00, 0x91, 0x49, 0x5F,
    0x87, 0x40, 0x91, 0x49, 0x00, 0x00, 0x91, 0x47, 0x64, 0x87, 0x40, 0x91,
    0x47, 0x00, 0x00, 0x91, 0x45, 0x5F, 0x87, 0x40, 0x91, 0x45, 0x00, 0x00,
    0x91, 0x47, 0x64, 0x87, 0x40, 0x91, 0x47, 0x00, 0x00, 0x91, 0x49, 0x5A,
    0x87, 0x40, 0x91, 0x49, 0x00, 0x00, 0x91, 0x4E, 0x64, 0x87, 0x40, 0x91,
    0x4E, 0x00, 0x00, 0x91, 0x4C, 0x5F, 0x87, 0x40, 0x91, 0x4C, 0x00, 0x00,
    0x91, 0x4A, 0x64, 0x87, 0x40, 0x91, 0x4A, 0x00, 0x00, 0x91, 0x49, 0x5F,
    0x87, 0x40, 0x91, 0x49, 0x00, 0x00, 0x91, 0x47, 0x64, 0x87, 0x40, 0x91,
    0x47, 0x00, 0x00, 0x91, 0x45, 0x5F, 0x87, 0x40, 0x91, 0x45, 0x00, 0x00,
    0x91, 0x47, 0x64, 0x87, 0x40, 0x91, 0x47, 0x00, 0x00, 0x91, 0x49, 0x5A,
    0x87, 0x40, 0x91, 0x49, 0x00, 0x00, 0x91, 0x4A, 0x5F, 0x83, 0x60, 0x91,
    0x4A, 0x00, 0x00, 0x91, 0x4E, 0x5F, 0x83, 0x60, 0x91, 0x4E, 0x00, 0x00,
    0x91, 0x51, 0x64, 0x83, 0x60, 0x91, 0x51, 0x00, 0x00, 0x91, 0x4F, 0x5F,
    0x83, 0x60, 0x91, 0x4F, 0x00, 0x00, 0x91, 0x4E, 0x64, 0x83, 0x60, 0x91,
    0x4E, 0x00, 0x00, 0x91, 0x4A, 0x5F, 0x83, 0x60, 0x91, 0x4A, 0x00, 0x00,
    0x91, 0x4E, 0x5F, 0x83, 0x60, 0x91, 0x4E, 0x00, 0x00, 0x91, 0x4C, 0x5A,
    0x83, 0x60, 0x91, 0x4C, 0x00, 0x00, 0x91, 0x4A, 0x5F, 0x83, 0x60, 0x91,
    0x4A, 0x00, 0x00, 0x91, 0x47, 0x5F, 0x83, 0x60, 0x91, 0x47, 0x00, 0x00,
    0x91, 0x4A, 0x5F, 0x83, 0x60, 0x91, 0x4A, 0x00, 0x00, 0x91, 0x51, 0x64,
    0x83, 0x60, 0x91, 0x51, 0x00, 0x00, 0x91, 0x4F, 0x5F, 0x83, 0x60, 0x91,
    0x4F, 0x00, 0x00, 0x91, 0x53, 0x64, 0x83, 0x60, 0x91, 0x53, 0x00, 0x00,
    0x91, 0x51, 0x5F, 0x83, 0x60, 0x91, 0x51, 0x00, 0x00, 0x91, 0x4F, 0x5A,
    0x83, 0x60, 0x91, 0x4F, 0x00, 0x00, 0x91, 0x56, 0x64, 0x81, 0x70, 0x91,
    0x56, 0x00, 0x00, 0x91, 0x55, 0x5A, 0x81, 0x70, 0x91, 0x55, 0x00, 0x00,
    0x91, 0x56, 0x5F, 0x81, 0x70, 0x91, 0x56, 0x00, 0x00, 0x91, 0x4A, 0x5A,
    0x81, 0x70, 0x91, 0x4A, 0x00, 0x00, 0x91, 0x49, 0x64, 0x81, 0x70, 0x91,
    0x49, 0x00, 0x00, 0x91, 0x51, 0x5A, 0x81, 0x70, 0x91, 0x51, 0x00, 0x00,
    0x91, 0x4C, 0x5F, 0x81, 0x70, 0x91, 0x4C, 0x00, 0x00, 0x91, 0x4E, 0x5A,
    0x81, 0x70, 0x91, 0x4E, 0x00, 0x00, 0x91, 0x4A, 0x64, 0x81, 0x70, 0x91,
    0x4A, 0x00, 0x00, 0x91, 0x56, 0x5A, 0x81, 0x70, 0x91, 0x56, 0x00, 0x00,
    0x91, 0x55, 0x5F, 0x81, 0x70, 0x91, 0x55, 0x00, 0x00, 0x91, 0x53, 0x5A,
    0x81, 0x70, 0x91, 0x53, 0x00, 0x00, 0x91, 0x55, 0x64, 0x81, 0x70, 0x91,
    0x55, 0x00, 0x00, 0x91, 0x4E, 0x5A, 0x81, 0x70, 0x91, 0x4E, 0x00, 0x00,
    0x91, 0x51, 0x5F, 0x81, 0x70, 0x91, 0x51, 0x00, 0x00, 0x91, 0x53, 0x5A,
    0x81, 0x70, 0x91, 0x53, 0x00, 0x00, 0x91, 0x4F, 0x64, 0x81, 0x70, 0x91,
    0x4F, 0x00, 0x00, 0x91, 0x4E, 0x5A, 0x81, 0x70, 0x91, 0x4E, 0x00, 0x00,
    0x91, 0x4C, 0x5F, 0x81, 0x70, 0x91, 0x4C, 0x00, 0x00, 0x91, 0x4F, 0x5A,
    0x81, 0x70, 0x91, 0x4F, 0x00, 0x00, 0x91, 0x4E, 0x64, 0x81, 0x70, 0x91,
    0x4E, 0x00, 0x00, 0x91, 0x4C, 0x5A, 0x81, 0x70, 0x91, 0x4C, 0x00, 0x00,
    0x91, 0x4A, 0x5F, 0x81, 0x70, 0x91, 0x4A, 0x00, 0x00, 0x91, 0x49, 0x5A,
    0x81, 0x70, 0x91, 0x49, 0x00, 0x00, 0x91, 0x47, 0x64, 0x81, 0x70, 0x91,
    0x47, 0x00, 0x00, 0x91, 0x51, 0x5A, 0x81, 0x70, 0x91, 0x51, 0x00, 0x00,
    0x91, 0x4F, 0x5F, 0x81, 0x70, 0x91, 0x4F, 0x00, 0x00, 0x91, 0x4E, 0x5A,
    0x81, 0x70, 0x91, 0x4E, 0x00, 0x00, 0x91, 0x4C, 0x64, 0x81, 0x70, 0x91,
    0x4C, 0x00, 0x00, 0x91, 0x4F, 0x5A, 0x81, 0x70, 0x91, 0x4F, 0x00, 0x00,
    0x91, 0x4E, 0x5F, 0x81, 0x70, 0x91, 0x4E, 0x00, 0x00, 0x91, 0x4C, 0x5A,
    0x81, 0x70, 0x91, 0x4C, 0x00, 0x00, 0x91, 0x4E, 0x64, 0x83, 0x60, 0x91,
    0x4E, 0x00, 0x00, 0x91, 0x4E, 0x64, 0x83, 0x60, 0x91, 0x4E, 0x00, 0x00,
    0x91, 0x4C, 0x5F, 0x87, 0x40, 0x91, 0x4C, 0x00, 0x83, 0x60, 0x91, 0x4A,
    0x5F, 0x83, 0x60, 0x91, 0x4A, 0x00, 0x00, 0x91, 0x4E, 0x64, 0x87, 0x40,
    0x91, 0x4E, 0x00, 0x00, 0x91, 0x53, 0x64, 0x87, 0x40, 0x91, 0x53, 0x00,
    0x00, 0x91, 0x51, 0x5F, 0x87, 0x40, 0x91, 0x51, 0x00, 0x00, 0x91, 0x53,
    0x64, 0x87, 0x40, 0x91, 0x53, 0x00, 0x00, 0x91, 0x55, 0x5F, 0x87, 0x40,
    0x91, 0x55, 0x00, 0x00, 0x91, 0x56, 0x64, 0x81, 0x70, 0x91, 0x56, 0x00,
    0x00, 0x91, 0x4E, 0x5F, 0x78, 0x91, 0x4E, 0x00, 0x00, 0x91, 0x4F, 0x5A,
    0x78, 0x91, 0x4F, 0x00, 0x00, 0x91, 0x51, 0x64, 0x81, 0x70, 0x91, 0x51,
    0x00, 0x00, 0x91, 0x4E, 0x5F, 0x78, 0x91, 0x4E, 0x00, 0x00, 0x91, 0x4F,
    0x5A, 0x78, 0x91, 0x4F, 0x00, 0x00, 0x91, 0x51, 0x64, 0x78, 0x91, 0x51,
    0x00, 0x00, 0x91, 0x45, 0x5F, 0x78, 0x91, 0x45, 0x00, 0x00, 0x91, 0x47,
    0x5F, 0x78, 0x91, 0x47, 0x00, 0x00, 0x91, 0x49, 0x5A, 0x78, 0x91, 0x49,
    0x00, 0x00, 0x91, 0x4A, 0x64, 0x78, 0x91, 0x4A, 0x00, 0x00, 0x91, 0x4C,
    0x5F, 0x78, 0x91, 0x4C, 0x00, 0x00, 0x91, 0x4E, 0x5F, 0x78, 0x91, 0x4E,
    0x00, 0x00, 0x91, 0x4F, 0x5A, 0x78, 0x91, 0x4F, 0x00, 0x00, 0x91, 0x4E,
    0x64, 0x81, 0x70, 0x91, 0x4E, 0x00, 0x00, 0x91, 0x4A, 0x5F, 0x78, 0x91,
    0x4A, 0x00, 0x00, 0x91, 0x4C, 0x5A, 0x78, 0x91, 0x4C, 0x00, 0x00, 0x91,
    0x4E, 0x64, 0x81, 0x70, 0x91, 0x4E, 0x00, 0x00, 0x91, 0x42, 0x5F, 0x78,
    0x91, 0x42, 0x00, 0x00, 0x91, 0x43, 0x5A, 0x78, 0x91, 0x43, 0x00, 0x00,
    0x91, 0x45, 0x64, 0x78, 0x91, 0x45, 0x00, 0x00, 0x91, 0x47, 0x5F, 0x78,
    0x91, 0x47, 0x00, 0x00, 0x91, 0x45, 0x5F, 0x78, 0x91, 0x45, 0x00, 0x00,
    0x91, 0x43, 0x5A, 0x78, 0x91, 0x43, 0x00, 0x00, 0x91, 0x45, 0x64, 0x78,
    0x91, 0x45, 0x00, 0x00, 0x91, 0x42, 0x5F, 0x78, 0x91, 0x42, 0x00, 0x00,
    0x91, 0x43, 0x5F, 0x78, 0x91, 0x43, 0x00, 0x00, 0x91, 0x45, 0x5A, 0x78,
    0x91, 0x45, 0x00, 0x00, 0x91, 0x43, 0x64, 0x81, 0x70, 0x91, 0x43, 0x00,
    0x00, 0x91, 0x47, 0x5F, 0x78, 0x91, 0x47, 0x00, 0x00, 0x91, 0x45, 0x5A,
    0x78, 0x91, 0x45, 0x00, 0x00, 0x91, 0x43, 0x64, 0x81, 0x70, 0x91, 0x43,
    0x00, 0x00, 0x91, 0x42, 0x5F, 0x78, 0x91, 0x42, 0x00, 0x00, 0x91, 0x40,
    0x5A, 0x78, 0x91, 0x40, 0x00, 0x00, 0x91, 0x42, 0x64, 0x78, 0x91, 0x42,
    0x00, 0x00, 0x91, 0x40, 0x5F, 0x78, 0x91, 0x40, 0x00, 0x00, 0x91, 0x3E,
    0x5F, 0x78, 0x91, 0x3E, 0x00, 0x00, 0x91, 0x40, 0x5A, 0x78, 0x91, 0x40,
    0x00, 0x00, 0x91, 0x42, 0x64, 0x78, 0x91, 0x42, 0x00, 0x00, 0x91, 0x43,
    0x5F, 0x78, 0x91, 0x43, 0x00, 0x00, 0x91, 0x45, 0x5F, 0x78, 0x91, 0x45,
    0x00, 0x00, 0x91, 0x47, 0x5A, 0x78, 0x91, 0x47, 0x00, 0x00, 0x91, 0x43,
    0x64, 0x81, 0x70, 0x91, 0x43, 0x00, 0x00, 0x91, 0x47, 0x5F, 0x78, 0x91,
    0x47, 0x00, 0x00, 0x91, 0x45, 0x5A, 0x78, 0x91, 0x45, 0x00, 0x00, 0x91,
    0x47, 0x64, 0x81, 0x70, 0x91, 0x47, 0x00, 0x00, 0x91, 0x49, 0x5F, 0x78,
    0x91, 0x49, 0x00, 0x00, 0x91, 0x4A, 0x5A, 0x78, 0x91, 0x4A, 0x00, 0x00,
    0x91, 0x45, 0x64, 0x78, 0x91, 0x45, 0x00, 0x00, 0x91, 0x47, 0x5F, 0x78,
    0x91, 0x47, 0x00, 0x00, 0x91, 0x49, 0x5F, 0x78, 0x91, 0x49, 0x00, 0x00,
    0x91, 0x4A, 0x5A, 0x78, 0x91, 0x4A, 0x00, 0x00, 0x91, 0x4C, 0x64, 0x78,
    0x91, 0x4C, 0x00, 0x00, 0x91, 0x4E, 0x5F, 0x78, 0x91, 0x4E, 0x00, 0x00,
    0x91, 0x4F, 0x5F, 0x78, 0x91, 0x4F, 0x00, 0x00, 0x91, 0x51, 0x5A, 0x78,
    0x91, 0x51, 0x00, 0x00, 0x91, 0x4E, 0x64, 0x81, 0x70, 0x91, 0x4E, 0x00,
    0x00, 0x91, 0x4A, 0x5F, 0x78, 0x91, 0x4A, 0x00, 0x00, 0x91, 0x4C, 0x5A,
    0x78, 0x91, 0x4C, 0x00, 0x00, 0x91, 0x4E, 0x64, 0x81, 0x70, 0x91, 0x4E,
    0x00, 0x00, 0x91, 0x4C, 0x5F, 0x78, 0x91, 0x4C, 0x00, 0x00, 0x91, 0x4A,
    0x5A, 0x78, 0x91, 0x4A, 0x00, 0x00, 0x91, 0x4C, 0x64, 0x78, 0x91, 0x4C,
    0x00, 0x00, 0x91, 0x49, 0x5F, 0x78, 0x91, 0x49, 0x00, 0x00, 0x91, 0x4A,
    0x5F, 0x78, 0x91, 0x4A, 0x00, 0x00, 0x91, 0x4C, 0x5A, 0x78, 0x91, 0x4C,
    0x00, 0x00, 0x91, 0x4E, 0x64, 0x78, 0x91, 0x4E, 0x00, 0x00, 0x91, 0x4C,
    0x5F, 0x78, 0x91, 0x4C, 0x00, 0x00, 0x91, 0x4A, 0x5F, 0x78, 0x91, 0x4A,
    0x00, 0x00, 0x91, 0x49, 0x5A, 0x78, 0x91, 0x49, 0x00, 0x00, 0x91, 0x4A,
    0x64, 0x81, 0x70, 0x91, 0x4A, 0x00, 0x00, 0x91, 0x47, 0x5F, 0x78, 0x91,
    0x47, 0x00, 0x00, 0x91, 0x49, 0x5A, 0x78, 0x91, 0x49, 0x00, 0x00, 0x91,
    0x4A, 0x64, 0x81, 0x70, 0x91, 0x4A, 0x00, 0x00, 0x91, 0x3E, 0x5F, 0x78,
    0x91, 0x3E, 0x00, 0x00, 0x91, 0x40, 0x5A, 0x78, 0x91, 0x40, 0x00, 0x00,
    0x91, 0x42, 0x64, 0x78, 0x91, 0x42, 0x00, 0x00, 0x91, 0x43, 0x5F, 0x78,
    0x91, 0x43, 0x00, 0x00, 0x91, 0x42, 0x5F, 0x78, 0x91, 0x42, 0x00, 0x00,
    0x91, 0x40, 0x5A, 0x78, 0x91, 0x40, 0x00, 0x00, 0x91, 0x42, 0x64, 0x78,
    0x91, 0x42, 0x00, 0x00, 0x91, 0x4A, 0x5F, 0x78, 0x91, 0x4A, 0x00, 0x00,
    0x91, 0x49, 0x5F, 0x78, 0x91, 0x49, 0x00, 0x00, 0x91, 0x4A, 0x5A, 0x78,
    0x91, 0x4A, 0x00, 0x00, 0x91, 0x47, 0x64, 0x81, 0x70, 0x91, 0x47, 0x00,
    0x00, 0x91, 0x4A, 0x5F, 0x78, 0x91, 0x4A, 0x00, 0x00, 0x91, 0x49, 0x5A,
    0x78, 0x91, 0x49, 0x00, 0x00, 0x91, 0x47, 0x64, 0x81, 0x70, 0x91, 0x47,
    0x00, 0x00, 0x91, 0x45, 0x5F, 0x78, 0x91, 0x45, 0x00, 0x00, 0x91, 0x43,
    0x5A, 0x78, 0x91, 0x43, 0x00, 0x00, 0x91, 0x45, 0x64, 0x78, 0x91, 0x45,
    0x00, 0x00, 0x91, 0x43, 0x5F, 0x78, 0x91, 0x43, 0x00, 0x00, 0x91, 0x42,
    0x5F, 0x78, 0x91, 0x42, 0x00, 0x00, 0x91, 0x43, 0x5A, 0x78, 0x91, 0x43,
    0x00, 0x00, 0x91, 0x45, 0x64, 0x78, 0x91, 0x45, 0x00, 0x00, 0x91, 0x47,
    0x5F, 0x78, 0x91, 0x47, 0x00, 0x00, 0x91, 0x49, 0x5F, 0x78, 0x91, 0x49,
    0x00, 0x00, 0x91, 0x4A, 0x5A, 0x78, 0x91, 0x4A, 0x00, 0x00, 0x91, 0x47,
    0x64, 0x81, 0x70, 0x91, 0x47, 0x00, 0x00, 0x91, 0x4A, 0x5F, 0x78, 0x91,
    0x4A, 0x00, 0x00, 0x91, 0x49, 0x5A, 0x78, 0x91, 0x49, 0x00, 0x00, 0x91,
    0x4A, 0x64, 0x81, 0x70, 0x91, 0x4A, 0x00, 0x00, 0x91, 0x49, 0x5F, 0x78,
    0x91, 0x49, 0x00, 0x00, 0x91, 0x47, 0x5A, 0x78, 0x91, 0x47, 0x00, 0x00,
    0x91, 0x49, 0x64, 0x78, 0x91, 0x49, 0x00, 0x00, 0x91, 0x4A, 0x5F, 0x78,
    0x91, 0x4A, 0x00, 0x00, 0x91, 0x4C, 0x5F, 0x78, 0x91, 0x4C, 0x00, 0x00,
    0x91, 0x4A, 0x5A, 0x78, 0x91, 0x4A, 0x00, 0x00, 0x91, 0x49, 0x64, 0x78,
    0x91, 0x49, 0x00, 0x00, 0x91, 0x4A, 0x5F, 0x78, 0x91, 0x4A, 0x00, 0x00,
    0x91, 0x47, 0x5F, 0x78, 0x91, 0x47, 0x00, 0x00, 0x91, 0x49, 0x5A, 0x78,
    0x91, 0x49, 0x00, 0x00, 0x91, 0x4A, 0x64, 0x81, 0x70, 0x91, 0x4A, 0x00,
    0x00, 0x91, 0x51, 0x5F, 0x81, 0x70, 0x91, 0x51, 0x00, 0x00, 0x91, 0x51,
    0x64, 0x81, 0x70, 0x91, 0x51, 0x00, 0x00, 0x91, 0x51, 0x5F, 0x81, 0x70,
    0x91, 0x51, 0x00, 0x00, 0x91, 0x51, 0x64, 0x81, 0x70, 0x91, 0x51, 0x00,
    0x00, 0x91, 0x51, 0x5F, 0x81, 0x70, 0x91, 0x51, 0x00, 0x00, 0x91, 0x51,
    0x64, 0x81, 0x70, 0x91, 0x51, 0x00, 0x00, 0x91, 0x51, 0x5F, 0x81, 0x70,
    0x91, 0x51, 0x00, 0x00, 0x91, 0x4E, 0x64, 0x81, 0x70, 0x91, 0x4E, 0x00,
    0x00, 0x91, 0x4E, 0x5F, 0x81, 0x70, 0x91, 0x4E, 0x00, 0x00, 0x91, 0x4E,
    0x64, 0x81, 0x70, 0x91, 0x4E, 0x00, 0x00, 0x91, 0x4E, 0x5F, 0x81, 0x70,
    0x91, 0x4E, 0x00, 0x00, 0x91, 0x4E, 0x64, 0x81, 0x70, 0x91, 0x4E, 0x00,
    0x00, 0x91, 0x4E, 0x5F, 0x81, 0x70, 0x91, 0x4E, 0x00, 0x00, 0x91, 0x51,
    0x64, 0x81, 0x70, 0x91, 0x51, 0x00, 0x00, 0x91, 0x51, 0x5F, 0x81, 0x70,
    0x91, 0x51, 0x00, 0x00, 0x91, 0x4F, 0x64, 0x81, 0x70, 0x91, 0x4F, 0x00,
    0x00, 0x91, 0x4F, 0x5F, 0x81, 0x70, 0x91, 0x4F, 0x00, 0x00, 0x91, 0x4F,
    0x64, 0x81, 0x70, 0x91, 0x4F, 0x00, 0x00, 0x91, 0x56, 0x5F, 0x81, 0x70,
    0x91, 0x56, 0x00, 0x00, 0x91, 0x56, 0x64, 0x81, 0x70, 0x91, 0x56, 0x00,
    0x00, 0x91, 0x56, 0x5F, 0x81, 0x70, 0x91, 0x56, 0x00, 0x00, 0x91, 0x56,
    0x64, 0x81, 0x70, 0x91, 0x56, 0x00, 0x00, 0x91, 0x56, 0x5F, 0x81, 0x70,
    0x91, 0x56, 0x00, 0x00, 0x91, 0x56, 0x64, 0x81, 0x70, 0x91, 0x56, 0x00,
    0x00, 0x91, 0x56, 0x5F, 0x81, 0x70, 0x91, 0x56, 0x00, 0x00, 0x91, 0x53,
    0x64, 0x81, 0x70, 0x91, 0x53, 0x00, 0x00, 0x91, 0x53, 0x5F, 0x81, 0x70,
    0x91, 0x53, 0x00, 0x00, 0x91, 0x51, 0x64, 0x81, 0x70, 0x91, 0x51, 0x00,
    0x00, 0x91, 0x51, 0x5F, 0x81, 0x70, 0x91, 0x51, 0x00, 0x00, 0x91, 0x58,
    0x64, 0x81, 0x70, 0x91, 0x58, 0x00, 0x00, 0x91, 0x55, 0x5F, 0x81, 0x70,
    0x91, 0x55, 0x00, 0x00, 0x91, 0x56, 0x64, 0x81, 0x70, 0x91, 0x56, 0x00,
    0x00, 0x91, 0x4A, 0x5F, 0x78, 0x91, 0x4A, 0x00, 0x00, 0x91, 0x4C, 0x5A,
    0x78, 0x91, 0x4C, 0x00, 0x00, 0x91, 0x4E, 0x64, 0x81, 0x70, 0x91, 0x4E,
    0x00, 0x00, 0x91, 0x4A, 0x5F, 0x81, 0x70, 0x91, 0x4A, 0x00, 0x00, 0x91,
    0x49, 0x64, 0x81, 0x70, 0x91, 0x49, 0x00, 0x00, 0x91, 0x55, 0x5F, 0x78,
    0x91, 0x55, 0x00, 0x00, 0x91, 0x56, 0x5A, 0x78, 0x91, 0x56, 0x00, 0x00,
    0x91, 0x58, 0x64, 0x81, 0x70, 0x91, 0x58, 0x00, 0x00, 0x91, 0x55, 0x5F,
    0x81, 0x70, 0x91, 0x55, 0x00, 0x00, 0x91, 0x53, 0x64, 0x81, 0x70, 0x91,
    0x53, 0x00, 0x00, 0x91, 0x47, 0x5F, 0x78, 0x91, 0x47, 0x00, 0x00, 0x91,
    0x49, 0x5A, 0x78, 0x91, 0x49, 0x00, 0x00, 0x91, 0x4A, 0x64, 0x81, 0x70,
    0x91, 0x4A, 0x00, 0x00, 0x91, 0x47, 0x5F, 0x81, 0x70, 0x91, 0x47, 0x00,
    0x00, 0x91, 0x49, 0x64, 0x81, 0x70, 0x91, 0x49, 0x00, 0x00, 0x91, 0x51,
    0x5F, 0x78, 0x91, 0x51, 0x00, 0x00, 0x91, 0x4F, 0x5A, 0x78, 0x91, 0x4F,
    0x00, 0x00, 0x91, 0x4E, 0x64, 0x81, 0x70, 0x91, 0x4E, 0x00, 0x00, 0x91,
    0x4C, 0x5F, 0x81, 0x70, 0x91, 0x4C, 0x00, 0x00, 0x91, 0x4A, 0x64, 0x81,
    0x70, 0x91, 0x4A, 0x00, 0x00, 0x91, 0x4F, 0x5F, 0x78, 0x91, 0x4F, 0x00,
    0x00, 0x91, 0x4E, 0x5A, 0x78, 0x91, 0x4E, 0x00, 0x00, 0x91, 0x4C, 0x64,
    0x81, 0x70, 0x91, 0x4C, 0x00, 0x00, 0x91, 0x4F, 0x5F, 0x81, 0x70, 0x91,
    0x4F, 0x00, 0x00, 0x91, 0x4E, 0x64, 0x81, 0x70, 0x91, 0x4E, 0x00, 0x00,
    0x91, 0x4A, 0x5F, 0x78, 0x91, 0x4A, 0x00, 0x00, 0x91, 0x4C, 0x5A, 0x78,
    0x91, 0x4C, 0x00, 0x00, 0x91, 0x4E, 0x64, 0x81, 0x70, 0x91, 0x4E, 0x00,
    0x00, 0x91, 0x51, 0x5F, 0x81, 0x70, 0x91, 0x51, 0x00, 0x00, 0x91, 0x4F,
    0x64, 0x81, 0x70, 0x91, 0x4F, 0x00, 0x00, 0x91, 0x53, 0x5F, 0x78, 0x91,
    0x53, 0x00, 0x00, 0x91, 0x51, 0x5A, 0x78, 0x91, 0x51, 0x00, 0x00, 0x91,
    0x4F, 0x64, 0x81, 0x70, 0x91, 0x4F, 0x00, 0x00, 0x91, 0x4E, 0x5F, 0x81,
    0x70, 0x91, 0x4E, 0x00, 0x00, 0x91, 0x4C, 0x64, 0x81, 0x70, 0x91, 0x4C,
    0x00, 0x00, 0x91, 0x51, 0x5F, 0x78, 0x91, 0x51, 0x00, 0x00, 0x91, 0x4F,
    0x5A, 0x78, 0x91, 0x4F, 0x00, 0x00, 0x91, 0x4E, 0x64, 0x81, 0x70, 0x91,
    0x4E, 0x00, 0x00, 0x91, 0x4C, 0x5F, 0x81, 0x70, 0x91, 0x4C, 0x00, 0x00,
    0x91, 0x4E, 0x64, 0x81, 0x70, 0x91, 0x4E, 0x00, 0x00, 0x91, 0x4A, 0x5F,
    0x78, 0x91, 0x4A, 0x00, 0x00, 0x91, 0x49, 0x5A, 0x78, 0x91, 0x49, 0x00,
    0x00, 0x91, 0x4A, 0x64, 0x81, 0x70, 0x91, 0x4A, 0x00, 0x00, 0x91, 0x42,
    0x5F, 0x81, 0x70, 0x91, 0x42, 0x00, 0x00, 0x91, 0x45, 0x64, 0x81, 0x70,
    0x91, 0x45, 0x00, 0x00, 0x91, 0x51, 0x5F, 0x78, 0x91, 0x51, 0x00, 0x00,
    0x91, 0x53, 0x5A, 0x78, 0x91, 0x53, 0x00, 0x00, 0x91, 0x55, 0x64, 0x81,
    0x70, 0x91, 0x55, 0x00, 0x00, 0x91, 0x51, 0x5F, 0x81, 0x70, 0x91, 0x51,
    0x00, 0x00, 0x91, 0x4E, 0x64, 0x81, 0x70, 0x91, 0x4E, 0x00, 0x00, 0x91,
    0x4A, 0x5F, 0x78, 0x91, 0x4A, 0x00, 0x00, 0x91, 0x4C, 0x5A, 0x78, 0x91,
    0x4C, 0x00, 0x00, 0x91, 0x4E, 0x64, 0x81, 0x70, 0x91, 0x4E, 0x00, 0x00,
    0x91, 0x4A, 0x5F, 0x81, 0x70, 0x91, 0x4A, 0x00, 0x00, 0x91, 0x4E, 0x64,
    0x81, 0x70, 0x91, 0x4E, 0x00, 0x00, 0x91, 0x4E, 0x5F, 0x78, 0x91, 0x4E,
    0x00, 0x00, 0x91, 0x4C, 0x5A, 0x78, 0x91, 0x4C, 0x00, 0x00, 0x91, 0x4A,
    0x64, 0x81, 0x70, 0x91, 0x4A, 0x00, 0x00, 0x91, 0x49, 0x5A, 0x81, 0x70,
    0x91, 0x49, 0x00, 0x00, 0x91, 0x47, 0x64, 0x81, 0x70, 0x91, 0x47, 0x00,
    0x00, 0x91, 0x47, 0x5F, 0x78, 0x91, 0x47, 0x00, 0x00, 0x91, 0x45, 0x5A,
    0x78, 0x91, 0x45, 0x00, 0x00, 0x91, 0x47, 0x64, 0x81, 0x70, 0x91, 0x47,
    0x00, 0x00, 0x91, 0x49, 0x5A, 0x81, 0x70, 0x91, 0x49, 0x00, 0x00, 0x91,
    0x4A, 0x64, 0x81, 0x70, 0x91, 0x4A, 0x00, 0x00, 0x91, 0x4E, 0x5F, 0x78,
    0x91, 0x4E, 0x00, 0x00, 0x91, 0x4C, 0x5A, 0x78, 0x91, 0x4C, 0x00, 0x00,
    0x91, 0x4A, 0x64, 0x81, 0x70, 0x91, 0x4A, 0x00, 0x00, 0x91, 0x4E, 0x5F,
    0x81, 0x70, 0x91, 0x4E, 0x00, 0x00, 0x91, 0x4F, 0x64, 0x81, 0x70, 0x91,
    0x4F, 0x00, 0x00, 0x91, 0x4A, 0x5F, 0x78, 0x91, 0x4A, 0x00, 0x00, 0x91,
    0x49, 0x5A, 0x78, 0x91, 0x49, 0x00, 0x00, 0x91, 0x4A, 0x64, 0x81, 0x70,
    0x91, 0x4A, 0x00, 0x00, 0x91, 0x4A, 0x5A, 0x81, 0x70, 0x91, 0x4A, 0x00,
    0x00, 0x91, 0x4A, 0x64, 0x85, 0x50, 0x91, 0x4A, 0x00, 0x00, 0x91, 0x49,
    0x5F, 0x81, 0x70, 0x91, 0x49, 0x00, 0x00, 0x91, 0x4A, 0x64, 0x83, 0x60,
    0x91, 0x4A, 0x00, 0x00, 0x91, 0x56, 0x5F, 0x83, 0x60, 0x91, 0x56, 0x00,
    0x00, 0x91, 0x55, 0x64, 0x87, 0x40, 0x91, 0x55, 0x00, 0x00, 0x91, 0x53,
    0x64, 0x87, 0x40, 0x91, 0x53, 0x00, 0x00, 0x91, 0x51, 0x5F, 0x87, 0x40,
    0x91, 0x51, 0x00, 0x00, 0x91, 0x4A, 0x64, 0x85, 0x50, 0x91, 0x4A, 0x00,
    0x00, 0x91, 0x4C, 0x5F, 0x81, 0x70, 0x91, 0x4C, 0x00, 0x00, 0x91, 0x4E,
    0x5F, 0x87, 0x40, 0x91, 0x4E, 0x00, 0x00, 0x91, 0x53, 0x64, 0x87, 0x40,
    0x91, 0x53, 0x00, 0x00, 0x91, 0x4C, 0x64, 0x85, 0x50, 0x91, 0x4C, 0x00,
    0x00, 0x91, 0x4C, 0x5F, 0x81, 0x70, 0x91, 0x4C, 0x00, 0x00, 0x91, 0x4E,
    0x64, 0x85, 0x50, 0x91, 0x4E, 0x00, 0x00, 0x91, 0x4E, 0x5F, 0x81, 0x70,
    0x91, 0x4E, 0x00, 0x00, 0x91, 0x4E, 0x64, 0x81, 0x70, 0x91, 0x4E, 0x00,
    0x00, 0x91, 0x4F, 0x5F, 0x81, 0x70, 0x91, 0x4F, 0x00, 0x00, 0x91, 0x4E,
    0x5F, 0x81, 0x70, 0x91, 0x4E, 0x00, 0x00, 0x91, 0x4C, 0x5A, 0x81, 0x70,
    0x91, 0x4C, 0x00, 0x00, 0x91, 0x4A, 0x64, 0x85, 0x50, 0x91, 0x4A, 0x00,
    0x00, 0x91, 0x4A, 0x5F, 0x81, 0x70, 0x91, 0x4A, 0x00, 0x00, 0x91, 0x4A,
    0x64, 0x81, 0x70, 0x91, 0x4A, 0x00, 0x00, 0x91, 0x4C, 0x5F, 0x81, 0x70,
    0x91, 0x4C, 0x00, 0x00, 0x91, 0x4A, 0x5F, 0x81, 0x70, 0x91, 0x4A, 0x00,
    0x00, 0x91, 0x49, 0x5A, 0x81, 0x70, 0x91, 0x49, 0x00, 0x00, 0x91, 0x47,
    0x64, 0x87, 0x40, 0x91, 0x47, 0x00, 0x00, 0x91, 0x4A, 0x5F, 0x87, 0x40,
    0x91, 0x4A, 0x00, 0x00, 0x91, 0x4A, 0x64, 0x81, 0x70, 0x91, 0x4A, 0x00,
    0x00, 0x91, 0x48, 0x5F, 0x81, 0x70, 0x91, 0x48, 0x00, 0x00, 0x91, 0x47,
    0x5F, 0x81, 0x70, 0x91, 0x47, 0x00, 0x00, 0x91, 0x48, 0x5A, 0x81, 0x70,
    0x91, 0x48, 0x00, 0x00, 0x91, 0x45, 0x64, 0x85, 0x50, 0x91, 0x45, 0x00,
    0x00, 0x91, 0x45, 0x5F, 0x81, 0x70, 0x91, 0x45, 0x00, 0x00, 0x91, 0x45,
    0x64, 0x85, 0x50, 0x91, 0x45, 0x00, 0x00, 0x91, 0x51, 0x5F, 0x81, 0x70,
    0x91, 0x51, 0x00, 0x00, 0x91, 0x51, 0x64, 0x81, 0x70, 0x91, 0x51, 0x00,
    0x00, 0x91, 0x53, 0x5F, 0x81, 0x70, 0x91, 0x53, 0x00, 0x00, 0x91, 0x51,
    0x5F, 0x81, 0x70, 0x91, 0x51, 0x00, 0x00, 0x91, 0x4F, 0x5A, 0x81, 0x70,
    0x91, 0x4F, 0x00, 0x00, 0x91, 0x4E, 0x64, 0x85, 0x50, 0x91, 0x4E, 0x00,
    0x00, 0x91, 0x4E, 0x5F, 0x81, 0x70, 0x91, 0x4E, 0x00, 0x00, 0x91, 0x4E,
    0x64, 0x81, 0x70, 0x91, 0x4E, 0x00, 0x00, 0x91, 0x4F, 0x5F, 0x81, 0x70,
    0x91, 0x4F, 0x00, 0x00, 0x91, 0x4E, 0x5F, 0x81, 0x70, 0x91, 0x4E, 0x00,
    0x00, 0x91, 0x4C, 0x5A, 0x81, 0x70, 0x91, 0x4C, 0x00, 0x00, 0x91, 0x4A,
    0x64, 0x81, 0x70, 0x91, 0x4A, 0x00, 0x00, 0x91, 0x48, 0x5F, 0x81, 0x70,
    0x91, 0x48, 0x00, 0x00, 0x91, 0x47, 0x5F, 0x81, 0x70, 0x91, 0x47, 0x00,
    0x00, 0x91, 0x48, 0x5A, 0x81, 0x70, 0x91, 0x48, 0x00, 0x00, 0x91, 0x45,
    0x64, 0x85, 0x50, 0x91, 0x45, 0x00, 0x00, 0x91, 0x45, 0x5F, 0x81, 0x70,
    0x91, 0x45, 0x00, 0x00, 0x91, 0x43, 0x64, 0x83, 0x60, 0x91, 0x43, 0x00,
    0x00, 0x91, 0x4A, 0x5F, 0x83, 0x60, 0x91, 0x4A, 0x00, 0x00, 0x91, 0x49,
    0x64, 0x85, 0x50, 0x91, 0x49, 0x00, 0x00, 0x91, 0x49, 0x5F, 0x81, 0x70,
    0x91, 0x49, 0x00, 0x00, 0x91, 0x4A, 0x64, 0x85, 0x50, 0x91, 0x4A, 0x00,
    0x00, 0x91, 0x51, 0x5F, 0x81, 0x70, 0x91, 0x51, 0x00, 0x00, 0x91, 0x51,
    0x64, 0x81, 0x70, 0x91, 0x51, 0x00, 0x00, 0x91, 0x53, 0x5F, 0x81, 0x70,
    0x91, 0x53, 0x00, 0x00, 0x91, 0x51, 0x5F, 0x81, 0x70, 0x91, 0x51, 0x00,
    0x00, 0x91, 0x4F, 0x5A, 0x81, 0x70, 0x91, 0x4F, 0x00, 0x00, 0x91, 0x4E,
    0x64, 0x85, 0x50, 0x91, 0x4E, 0x00, 0x00, 0x91, 0x4E, 0x5F, 0x81, 0x70,
    0x91, 0x4E, 0x00, 0x00, 0x91, 0x4E, 0x64, 0x81, 0x70, 0x91, 0x4E, 0x00,
    0x00, 0x91, 0x4F, 0x5F, 0x81, 0x70, 0x91, 0x4F, 0x00, 0x00, 0x91, 0x4E,
    0x5F, 0x81, 0x70, 0x91, 0x4E, 0x00, 0x00, 0x91, 0x4C, 0x5A, 0x81, 0x70,
    0x91, 0x4C, 0x00, 0x00, 0x91, 0x4A, 0x64, 0x81, 0x70, 0x91, 0x4A, 0x00,
    0x00, 0x91, 0x48, 0x5F, 0x81, 0x70, 0x91, 0x48, 0x00, 0x00, 0x91, 0x47,
    0x5F, 0x81, 0x70, 0x91, 0x47, 0x00, 0x00, 0x91, 0x48, 0x5A, 0x81, 0x70,
    0x91, 0x48, 0x00, 0x00, 0x91, 0x45, 0x64, 0x85, 0x50, 0x91, 0x45, 0x00,
    0x00, 0x91, 0x45, 0x5F, 0x81, 0x70, 0x91, 0x45, 0x00, 0x00, 0x91, 0x43,
    0x64, 0x83, 0x60, 0x91, 0x43, 0x00, 0x00, 0x91, 0x4A, 0x5F, 0x83, 0x60,
    0x91, 0x4A, 0x00, 0x00, 0x91, 0x49, 0x64, 0x85, 0x50, 0x91, 0x49, 0x00,
    0x00, 0x91, 0x49, 0x5F, 0x81, 0x70, 0x91, 0x49, 0x00, 0x00, 0x91, 0x4A,
    0x64, 0x00, 0x91, 0x45, 0x5A, 0x83, 0x60, 0x91, 0x45, 0x00, 0x00, 0x91,
    0x4A, 0x00, 0x00, 0x91, 0x56, 0x64, 0x00, 0x91, 0x51, 0x5A, 0x83, 0x60,
    0x91, 0x51, 0x00, 0x00, 0x91, 0x56, 0x00, 0x00, 0x91, 0x55, 0x64, 0x00,
    0x91, 0x51, 0x5A, 0x83, 0x60, 0x91, 0x51, 0x00, 0x00, 0x91, 0x55, 0x00,
    0x00, 0x91, 0x49, 0x64, 0x00, 0x91, 0x45, 0x5A, 0x83, 0x60, 0x91, 0x45,
    0x00, 0x00, 0x91, 0x49, 0x00, 0x00, 0x91, 0x47, 0x64, 0x00, 0x91, 0x42,
    0x5A, 0x83, 0x60, 0x91, 0x42, 0x00, 0x00, 0x91, 0x47, 0x00, 0x00, 0x91,
    0x53, 0x64, 0x00, 0x91, 0x4E, 0x5A, 0x83, 0x60, 0x91, 0x4E, 0x00, 0x00,
    0x91, 0x53, 0x00, 0x00, 0x91, 0x51, 0x64, 0x00, 0x91, 0x4E, 0x5A, 0x83,
    0x60, 0x91, 0x4E, 0x00, 0x00, 0x91, 0x51, 0x00, 0x00, 0x91, 0x45, 0x64,
    0x00, 0x91, 0x42, 0x5A, 0x83, 0x60, 0x91, 0x42, 0x00, 0x00, 0x91, 0x45,
    0x00, 0x00, 0x91, 0x43, 0x64, 0x00, 0x91, 0x3E, 0x5A, 0x83, 0x60, 0x91,
    0x3E, 0x00, 0x00, 0x91, 0x43, 0x00, 0x00, 0x91, 0x4F, 0x64, 0x00, 0x91,
    0x4A, 0x5A, 0x83, 0x60, 0x91, 0x4A, 0x00, 0x00, 0x91, 0x4F, 0x00, 0x00,
    0x91, 0x4E, 0x64, 0x00, 0x91, 0x4A, 0x5A, 0x83, 0x60, 0x91, 0x4A, 0x00,
    0x00, 0x91, 0x4E, 0x00, 0x00, 0x91, 0x42, 0x64, 0x00, 0x91, 0x3E, 0x5A,
    0x83, 0x60, 0x91, 0x3E, 0x00, 0x00, 0x91, 0x42, 0x00, 0x00, 0x91, 0x43,
    0x64, 0x00, 0x91, 0x40, 0x5A, 0x83, 0x60, 0x91, 0x40, 0x00, 0x00, 0x91,
    0x43, 0x00, 0x00, 0x91, 0x4C, 0x64, 0x00, 0x91, 0x43, 0x5A, 0x83, 0x60,
    0x91, 0x43, 0x00, 0x00, 0x91, 0x4C, 0x00, 0x00, 0x91, 0x49, 0x64, 0x00,
    0x91, 0x40, 0x5A, 0x83, 0x60, 0x91, 0x40, 0x00, 0x00, 0x91, 0x49, 0x00,
    0x00, 0x91, 0x4C, 0x64, 0x00, 0x91, 0x49, 0x5A, 0x83, 0x60, 0x91, 0x49,
    0x00, 0x00, 0x91, 0x4C, 0x00, 0x00, 0x91, 0x5A, 0x64, 0x00, 0x91, 0x51,
    0x5A, 0x00, 0x91, 0x4E, 0x55, 0x83, 0x60, 0x91, 0x4E, 0x00, 0x00, 0x91,
    0x51, 0x00, 0x00, 0x91, 0x5A, 0x00, 0x00, 0x91, 0x4E, 0x64, 0x00, 0x91,
    0x4A, 0x5A, 0x83, 0x60, 0x91, 0x4A, 0x00, 0x00, 0x91, 0x4E, 0x00, 0x00,
    0x91, 0x4C, 0x64, 0x00, 0x91, 0x49, 0x5A, 0x83, 0x60, 0x91, 0x49, 0x00,
    0x00, 0x91, 0x4C, 0x00, 0x00, 0x91, 0x58, 0x64, 0x00, 0x91, 0x55, 0x5A,
    0x00, 0x91, 0x4C, 0x55, 0x83, 0x60, 0x91, 0x4C, 0x00, 0x00, 0x91, 0x55,
    0x00, 0x00, 0x91, 0x58, 0x00, 0x00, 0x91, 0x56, 0x64, 0x00, 0x91, 0x4E,
    0x5A, 0x00, 0x91, 0x4A, 0x55, 0x83, 0x60, 0x91, 0x4A, 0x00, 0x00, 0x91,
    0x4E, 0x00, 0x00, 0x91, 0x56, 0x00, 0x00, 0x91, 0x4A, 0x64, 0x00, 0x91,
    0x47, 0x5A, 0x83, 0x60, 0x91, 0x47, 0x00, 0x00, 0x91, 0x4A, 0x00, 0x00,
    0x91, 0x49, 0x64, 0x00, 0x91, 0x45, 0x5A, 0x83, 0x60, 0x91, 0x45, 0x00,
    0x00, 0x91, 0x49, 0x00, 0x00, 0x91, 0x55, 0x64, 0x00, 0x91, 0x51, 0x5A,
    0x00, 0x91, 0x49, 0x55, 0x83, 0x60, 0x91, 0x49, 0x00, 0x00, 0x91, 0x51,
    0x00, 0x00, 0x91, 0x55, 0x00, 0x00, 0x91, 0x53, 0x64, 0x00, 0x91, 0x4F,
    0x5A, 0x00, 0x91, 0x4A, 0x55, 0x83, 0x60, 0x91, 0x4A, 0x00, 0x00, 0x91,
    0x4F, 0x00, 0x00, 0x91, 0x53, 0x00, 0x00, 0x91, 0x5F, 0x64, 0x00, 0x91,
    0x53, 0x5A, 0x83, 0x60, 0x91, 0x53, 0x00, 0x00, 0x91, 0x5F, 0x00, 0x00,
    0x91, 0x5D, 0x64, 0x00, 0x91, 0x56, 0x5A, 0x00, 0x91, 0x51, 0x55, 0x83,
    0x60, 0x91, 0x51, 0x00, 0x00, 0x91, 0x56, 0x00, 0x00, 0x91, 0x5D, 0x00,
    0x00, 0x91, 0x51, 0x64, 0x00, 0x91, 0x4E, 0x5A, 0x83, 0x60, 0x91, 0x4E,
    0x00, 0x00, 0x91, 0x51, 0x00, 0x00, 0x91, 0x4F, 0x64, 0x85, 0x50, 0x91,
    0x4F, 0x00, 0x00, 0x91, 0x58, 0x64, 0x00, 0x91, 0x4C, 0x5A, 0x81, 0x70,
    0x91, 0x4C, 0x00, 0x00, 0x91, 0x58, 0x00, 0x00, 0x91, 0x56, 0x64, 0x5A,
    0x91, 0x56, 0x00, 0x1E, 0x91, 0x55, 0x5F, 0x5A, 0x91, 0x55, 0x00, 0x00,
    0x91, 0x56, 0x5F, 0x5A, 0x91, 0x56, 0x00, 0x00, 0x91, 0x55, 0x64, 0x83,
    0x24, 0x91, 0x55, 0x00, 0x00, 0x91, 0x56, 0x5F, 0x81, 0x70, 0x91, 0x56,
    0x00, 0x00, 0x91, 0x56, 0x64, 0x00, 0x91, 0x51, 0x5A, 0x00, 0x91, 0x4E,
    0x55, 0x8E, 0x08, 0x91, 0x4E, 0x00, 0x00, 0x91, 0x51, 0x00, 0x00, 0x91,
    0x56, 0x00, 0x00, 0xFF, 0x2F, 0x00, 0x4D, 0x54, 0x72, 0x6B, 0x00, 0x00,
    0x0C, 0xE0, 0x00, 0xFF, 0x7F, 0x04, 0x43, 0x00, 0x01, 0x00, 0x00, 0xFF,
    0x03, 0x24, 0x48, 0x61, 0x72, 0x70, 0x73, 0x69, 0x63, 0x68, 0x6F, 0x72,
    0x64, 0x32, 0x20, 0x20, 0x20, 0x20, 0x20, 0x20, 0x20, 0x20, 0x20, 0x20,
    0x20, 0x20, 0x20, 0x20, 0x20, 0x20, 0x20, 0x20, 0x20, 0x20, 0x20, 0x20,
    0x20, 0x20, 0x00, 0xFF, 0x21, 0x01, 0x00, 0x87, 0x4A, 0xB2, 0x00, 0x00,
    0x0A, 0xB2, 0x20, 0x00, 0x0A, 0xC2, 0x06, 0x0A, 0xB2, 0x07, 0x78, 0x0A,
    0xB2, 0x0B, 0x6E, 0x0A, 0xB2, 0x0A, 0x46, 0x0A, 0xB2, 0x5B, 0x50, 0x0A,
    0xB2, 0x5D, 0x00, 0x0A, 0xB2, 0x5E, 0x00, 0x0A, 0xB2, 0x65, 0x00, 0x0A,
    0xB2, 0x64, 0x00, 0x0A, 0xB2, 0x06, 0x0C, 0xFE, 0x48, 0x92, 0x4A, 0x64,
    0x87, 0x40, 0x92, 0x4A, 0x00, 0x00, 0x92, 0x49, 0x5F, 0x87, 0x40, 0x92,
    0x49, 0x00, 0x00, 0x92, 0x47, 0x64, 0x87, 0x40, 0x92, 0x47, 0x00, 0x00,
    0x92, 0x45, 0x5F, 0x87, 0x40, 0x92, 0x45, 0x00, 0x00, 0x92, 0x43, 0x64,
    0x87, 0x40, 0x92, 0x43, 0x00, 0x00, 0x92, 0x42, 0x5F, 0x87, 0x40, 0x92,
    0x42, 0x00, 0x00, 0x92, 0x43, 0x64, 0x87, 0x40, 0x92, 0x43, 0x00, 0x00,
    0x92, 0x40, 0x5A, 0x87, 0x40, 0x92, 0x40, 0x00, 0x00, 0x92, 0x4A, 0x64,
    0x87, 0x40, 0x92, 0x4A, 0x00, 0x00, 0x92, 0x49, 0x5F, 0x87, 0x40, 0x92,
    0x49, 0x00, 0x00, 0x92, 0x47, 0x64, 0x87, 0x40, 0x92, 0x47, 0x00, 0x00,
    0x92, 0x45, 0x5F, 0x87, 0x40, 0x92, 0x45, 0x00, 0x00, 0x92, 0x43, 0x64,
    0x87, 0x40, 0x92, 0x43, 0x00, 0x00, 0x92, 0x42, 0x5F, 0x87, 0x40, 0x92,
    0x42, 0x00, 0x00, 0x92, 0x43, 0x64, 0x87, 0x40, 0x92, 0x43, 0x00, 0x00,
    0x92, 0x40, 0x5A, 0x87, 0x40, 0x92, 0x40, 0x00, 0x00, 0x92, 0x3E, 0x64,
    0x83, 0x60, 0x92, 0x3E, 0x00, 0x00, 0x92, 0x42, 0x5F, 0x83, 0x60, 0x92,
    0x42, 0x00, 0x00, 0x92, 0x45, 0x5F, 0x83, 0x60, 0x92, 0x45, 0x00, 0x00,
    0x92, 0x43, 0x5A, 0x83, 0x60, 0x92, 0x43, 0x00, 0x00, 0x92, 0x42, 0x64,
    0x83, 0x60, 0x92, 0x42, 0x00, 0x00, 0x92, 0x3E, 0x5F, 0x83, 0x60, 0x92,
    0x3E, 0x00, 0x00, 0x92, 0x42, 0x5F, 0x83, 0x60, 0x92, 0x42, 0x00, 0x00,
    0x92, 0x40, 0x5A, 0x83, 0x60, 0x92, 0x40, 0x00, 0x00, 0x92, 0x3E, 0x64,
    0x83, 0x60, 0x92, 0x3E, 0x00, 0x00, 0x92, 0x3B, 0x5F, 0x83, 0x60, 0x92,
    0x3B, 0x00, 0x00, 0x92, 0x3E, 0x5F, 0x83, 0x60, 0x92, 0x3E, 0x00, 0x00,
    0x92, 0x45, 0x5A, 0x83, 0x60, 0x92, 0x45, 0x00, 0x00, 0x92, 0x43, 0x64,
    0x83, 0x60, 0x92, 0x43, 0x00, 0x00, 0x92, 0x47, 0x5F, 0x83, 0x60, 0x92,
    0x47, 0x00, 0x00, 0x92, 0x45, 0x5F, 0x83, 0x60, 0x92, 0x45, 0x00, 0x00,
    0x92, 0x43, 0x5A, 0x83, 0x60, 0x92, 0x43, 0x00, 0x00, 0x92, 0x3E, 0x64,
    0x81, 0x70, 0x92, 0x3E, 0x00, 0x00, 0x92, 0x3D, 0x5F, 0x81, 0x70, 0x92,
    0x3D, 0x00, 0x00, 0x92, 0x3E, 0x5F, 0x81, 0x70, 0x92, 0x3E, 0x00, 0x00,
    0x92, 0x32, 0x5A, 0x81, 0x70, 0x92, 0x32, 0x00, 0x00, 0x92, 0x31, 0x64,
    0x81, 0x70, 0x92, 0x31, 0x00, 0x00, 0x92, 0x39, 0x5F, 0x81, 0x70, 0x92,
    0x39, 0x00, 0x00, 0x92, 0x34, 0x5F, 0x81, 0x70, 0x92, 0x34, 0x00, 0x00,
    0x92, 0x36, 0x5A, 0x81, 0x70, 0x92, 0x36, 0x00, 0x00, 0x92, 0x32, 0x64,
    0x81, 0x70, 0x92, 0x32, 0x00, 0x00, 0x92, 0x3E, 0x5F, 0x81, 0x70, 0x92,
    0x3E, 0x00, 0x00, 0x92, 0x3D, 0x5F, 0x81, 0x70, 0x92, 0x3D, 0x00, 0x00,
    0x92, 0x3B, 0x5A, 0x81, 0x70, 0x92, 0x3B, 0x00, 0x00, 0x92, 0x3D, 0x64,
    0x81, 0x70, 0x92, 0x3D, 0x00, 0x00, 0x92, 0x36, 0x5F, 0x81, 0x70, 0x92,
    0x36, 0x00, 0x00, 0x92, 0x39, 0x5F, 0x81, 0x70, 0x92, 0x39, 0x00, 0x00,
    0x92, 0x3B, 0x5A, 0x81, 0x70, 0x92, 0x3B, 0x00, 0x00, 0x92, 0x37, 0x64,
    0x81, 0x70, 0x92, 0x37, 0x00, 0x00, 0x92, 0x36, 0x5F, 0x81, 0x70, 0x92,
    0x36, 0x00, 0x00, 0x92, 0x34, 0x5F, 0x81, 0x70, 0x92, 0x34, 0x00, 0x00,
    0x92, 0x37, 0x5A, 0x81, 0x70, 0x92, 0x37, 0x00, 0x00, 0x92, 0x36, 0x64,
    0x81, 0x70, 0x92, 0x36, 0x00, 0x00, 0x92, 0x34, 0x5F, 0x81, 0x70, 0x92,
    0x34, 0x00, 0x00, 0x92, 0x32, 0x5F, 0x81, 0x70, 0x92, 0x32, 0x00, 0x00,
    0x92, 0x31, 0x5A, 0x81, 0x70, 0x92, 0x31, 0x00, 0x00, 0x92, 0x2F, 0x64,
    0x81, 0x70, 0x92, 0x2F, 0x00, 0x00, 0x92, 0x39, 0x5F, 0x81, 0x70, 0x92,
    0x39, 0x00, 0x00, 0x92, 0x37, 0x5F, 0x81, 0x70, 0x92, 0x37, 0x00, 0x00,
    0x92, 0x36, 0x5A, 0x81, 0x70, 0x92, 0x36, 0x00, 0x00, 0x92, 0x34, 0x64,
    0x81, 0x70, 0x92, 0x34, 0x00, 0x00, 0x92, 0x37, 0x5F, 0x81, 0x70, 0x92,
    0x37, 0x00, 0x00, 0x92, 0x36, 0x5F, 0x81, 0x70, 0x92, 0x36, 0x00, 0x00,
    0x92, 0x34, 0x5A, 0x81, 0x70, 0x92, 0x34, 0x00, 0x00, 0x92, 0x42, 0x64,
    0x83, 0x60, 0x92, 0x42, 0x00, 0x00, 0x92, 0x42, 0x5F, 0x83, 0x60, 0x92,
    0x42, 0x00, 0x00, 0x92, 0x40, 0x5A, 0x87, 0x40, 0x92, 0x40, 0x00, 0x83,
    0x60, 0x92, 0x3E, 0x5F, 0x83, 0x60, 0x92, 0x3E, 0x00, 0x00, 0x92, 0x42,
    0x64, 0x87, 0x40, 0x92, 0x42, 0x00, 0x00, 0x92, 0x3B, 0x64, 0x87, 0x40,
    0x92, 0x3B, 0x00, 0x00, 0x92, 0x39, 0x5F, 0x87, 0x40, 0x92, 0x39, 0x00,
    0x00, 0x92, 0x3B, 0x64, 0x87, 0x40, 0x92, 0x3B, 0x00, 0x00, 0x92, 0x3D,
    0x5F, 0x87, 0x40, 0x92, 0x3D, 0x00, 0x00, 0x92, 0x3E, 0x64, 0x81, 0x70,
    0x92, 0x3E, 0x00, 0x00, 0x92, 0x42, 0x5F, 0x78, 0x92, 0x42, 0x00, 0x00,
    0x92, 0x43, 0x5A, 0x78, 0x92, 0x43, 0x00, 0x00, 0x92, 0x45, 0x64, 0x81,
    0x70, 0x92, 0x45, 0x00, 0x00, 0x92, 0x42, 0x5F, 0x78, 0x92, 0x42, 0x00,
    0x00, 0x92, 0x43, 0x5A, 0x78, 0x92, 0x43, 0x00, 0x00, 0x92, 0x45, 0x64,
    0x78, 0x92, 0x45, 0x00, 0x00, 0x92, 0x39, 0x5F, 0x78, 0x92, 0x39, 0x00,
    0x00, 0x92, 0x3B, 0x5F, 0x78, 0x92, 0x3B, 0x00, 0x00, 0x92, 0x3D, 0x5A,
    0x78, 0x92, 0x3D, 0x00, 0x00, 0x92, 0x3E, 0x64, 0x78, 0x92, 0x3E, 0x00,
    0x00, 0x92, 0x40, 0x5F, 0x78, 0x92, 0x40, 0x00, 0x00, 0x92, 0x42, 0x5F,
    0x78, 0x92, 0x42, 0x00, 0x00, 0x92, 0x43, 0x5A, 0x78, 0x92, 0x43, 0x00,
    0x00, 0x92, 0x42, 0x64, 0x81, 0x70, 0x92, 0x42, 0x00, 0x00, 0x92, 0x3E,
    0x5F, 0x78, 0x92, 0x3E, 0x00, 0x00, 0x92, 0x40, 0x5A, 0x78, 0x92, 0x40,
    0x00, 0x00, 0x92, 0x42, 0x64, 0x81, 0x70, 0x92, 0x42, 0x00, 0x00, 0x92,
    0x36, 0x5F, 0x78, 0x92, 0x36, 0x00, 0x00, 0x92, 0x37, 0x5A, 0x78, 0x92,
    0x37, 0x00, 0x00, 0x92, 0x39, 0x64, 0x78, 0x92, 0x39, 0x00, 0x00, 0x92,
    0x3B, 0x5F, 0x78, 0x92, 0x3B, 0x00, 0x00, 0x92, 0x39, 0x5F, 0x78, 0x92,
    0x39, 0x00, 0x00, 0x92, 0x37, 0x5A, 0x78, 0x92, 0x37, 0x00, 0x00, 0x92,
    0x39, 0x64, 0x78, 0x92, 0x39, 0x00, 0x00, 0x92, 0x36, 0x5F, 0x78, 0x92,
    0x36, 0x00, 0x00, 0x92, 0x37, 0x5F, 0x78, 0x92, 0x37, 0x00, 0x00, 0x92,
    0x39, 0x5A, 0x78, 0x92, 0x39, 0x00, 0x00, 0x92, 0x37, 0x64, 0x81, 0x70,
    0x92, 0x37, 0x00, 0x00, 0x92, 0x3B, 0x5F, 0x78, 0x92, 0x3B, 0x00, 0x00,
    0x92, 0x39, 0x5A, 0x78, 0x92, 0x39, 0x00, 0x00, 0x92, 0x37, 0x64, 0x81,
    0x70, 0x92, 0x37, 0x00, 0x00, 0x92, 0x36, 0x5F, 0x78, 0x92, 0x36, 0x00,
    0x00, 0x92, 0x34, 0x5A, 0x78, 0x92, 0x34, 0x00, 0x00, 0x92, 0x36, 0x64,
    0x78, 0x92, 0x36, 0x00, 0x00, 0x92, 0x34, 0x5F, 0x78, 0x92, 0x34, 0x00,
    0x00, 0x92, 0x32, 0x5F, 0x78, 0x92, 0x32, 0x00, 0x00, 0x92, 0x34, 0x5A,
    0x78, 0x92, 0x34, 0x00, 0x00, 0x92, 0x36, 0x64, 0x78, 0x92, 0x36, 0x00,
    0x00, 0x92, 0x37, 0x5F, 0x78, 0x92, 0x37, 0x00, 0x00, 0x92, 0x39, 0x5F,
    0x78, 0x92, 0x39, 0x00, 0x00, 0x92, 0x3B, 0x5A, 0x78, 0x92, 0x3B, 0x00,
    0x00, 0x92, 0x37, 0x64, 0x81, 0x70, 0x92, 0x37, 0x00, 0x00, 0x92, 0x3B,
    0x5F, 0x78, 0x92, 0x3B, 0x00, 0x00, 0x92, 0x39, 0x5A, 0x78, 0x92, 0x39,
    0x00, 0x00, 0x92, 0x3B, 0x64, 0x81, 0x70, 0x92, 0x3B, 0x00, 0x00, 0x92,
    0x3D, 0x5F, 0x78, 0x92, 0x3D, 0x00, 0x00, 0x92, 0x3E, 0x5A, 0x78, 0x92,
    0x3E, 0x00, 0x00, 0x92, 0x39, 0x64, 0x78, 0x92, 0x39, 0x00, 0x00, 0x92,
    0x3B, 0x5F, 0x78, 0x92, 0x3B, 0x00, 0x00, 0x92, 0x3D, 0x5F, 0x78, 0x92,
    0x3D, 0x00, 0x00, 0x92, 0x3E, 0x5A, 0x78, 0x92, 0x3E, 0x00, 0x00, 0x92,
    0x40, 0x64, 0x78, 0x92, 0x40, 0x00, 0x00, 0x92, 0x42, 0x5F, 0x78, 0x92,
    0x42, 0x00, 0x00, 0x92, 0x43, 0x5F, 0x78, 0x92, 0x43, 0x00, 0x00, 0x92,
    0x45, 0x5A, 0x78, 0x92, 0x45, 0x00, 0x00, 0x92, 0x42, 0x64, 0x81, 0x70,
    0x92, 0x42, 0x00, 0x00, 0x92, 0x3E, 0x5F, 0x78, 0x92, 0x3E, 0x00, 0x00,
    0x92, 0x40, 0x5A, 0x78, 0x92, 0x40, 0x00, 0x00, 0x92, 0x42, 0x64, 0x81,
    0x70, 0x92, 0x42, 0x00, 0x00, 0x92, 0x40, 0x5F, 0x78, 0x92, 0x40, 0x00,
    0x00, 0x92, 0x3E, 0x5A, 0x78, 0x92, 0x3E, 0x00, 0x00, 0x92, 0x40, 0x64,
    0x78, 0x92, 0x40, 0x00, 0x00, 0x92, 0x3D, 0x5F, 0x78, 0x92, 0x3D, 0x00,
    0x00, 0x92, 0x3E, 0x5F, 0x78, 0x92, 0x3E, 0x00, 0x00, 0x92, 0x40, 0x5A,
    0x78, 0x92, 0x40, 0x00, 0x00, 0x92, 0x42, 0x64, 0x78, 0x92, 0x42, 0x00,
    0x00, 0x92, 0x40, 0x5F, 0x78, 0x92, 0x40, 0x00, 0x00, 0x92, 0x3E, 0x5F,
    0x78, 0x92, 0x3E, 0x00, 0x00, 0x92, 0x3D, 0x5A, 0x78, 0x92, 0x3D, 0x00,
    0x00, 0x92, 0x3E, 0x64, 0x81, 0x70, 0x92, 0x3E, 0x00, 0x00, 0x92, 0x3B,
    0x5F, 0x78, 0x92, 0x3B, 0x00, 0x00, 0x92, 0x3D, 0x5A, 0x78, 0x92, 0x3D,
    0x00, 0x00, 0x92, 0x3E, 0x64, 0x81, 0x70, 0x92, 0x3E, 0x00, 0x00, 0x92,
    0x32, 0x5F, 0x78, 0x92, 0x32, 0x00, 0x00, 0x92, 0x34, 0x5A, 0x78, 0x92,
    0x34, 0x00, 0x00, 0x92, 0x36, 0x64, 0x78, 0x92, 0x36, 0x00, 0x00, 0x92,
    0x37, 0x5F, 0x78, 0x92, 0x37, 0x00, 0x00, 0x92, 0x36, 0x5F, 0x78, 0x92,
    0x36, 0x00, 0x00, 0x92, 0x34, 0x5A, 0x78, 0x92, 0x34, 0x00, 0x00, 0x92,
    0x36, 0x64, 0x78, 0x92, 0x36, 0x00, 0x00, 0x92, 0x3E, 0x5F, 0x78, 0x92,
    0x3E, 0x00, 0x00, 0x92, 0x3D, 0x5F, 0x78, 0x92, 0x3D, 0x00, 0x00, 0x92,
    0x3E, 0x5A, 0x78, 0x92, 0x3E, 0x00, 0x00, 0x92, 0x3B, 0x64, 0x81, 0x70,
    0x92, 0x3B, 0x00, 0x00, 0x92, 0x3E, 0x5F, 0x78, 0x92, 0x3E, 0x00, 0x00,
    0x92, 0x3D, 0x5A, 0x78, 0x92, 0x3D, 0x00, 0x00, 0x92, 0x3B, 0x64, 0x81,
    0x70, 0x92, 0x3B, 0x00, 0x00, 0x92, 0x39, 0x5F, 0x78, 0x92, 0x39, 0x00,
    0x00, 0x92, 0x37, 0x5A, 0x78, 0x92, 0x37, 0x00, 0x00, 0x92, 0x39, 0x64,
    0x78, 0x92, 0x39, 0x00, 0x00, 0x92, 0x37, 0x5F, 0x78, 0x92, 0x37, 0x00,
    0x00, 0x92, 0x36, 0x5F, 0x78, 0x92, 0x36, 0x00, 0x00, 0x92, 0x37, 0x5A,
    0x78, 0x92, 0x37, 0x00, 0x00, 0x92, 0x39, 0x64, 0x78, 0x92, 0x39, 0x00,
    0x00, 0x92, 0x3B, 0x5F, 0x78, 0x92, 0x3B, 0x00, 0x00, 0x92, 0x3D, 0x5F,
    0x78, 0x92, 0x3D, 0x00, 0x00, 0x92, 0x3E, 0x5A, 0x78, 0x92, 0x3E, 0x00,
    0x00, 0x92, 0x3B, 0x64, 0x81, 0x70, 0x92, 0x3B, 0x00, 0x00, 0x92, 0x3E,
    0x5F, 0x78, 0x92, 0x3E, 0x00, 0x00, 0x92, 0x3D, 0x5A, 0x78, 0x92, 0x3D,
    0x00, 0x00, 0x92, 0x3E, 0x64, 0x81, 0x70, 0x92, 0x3E, 0x00, 0x00, 0x92,
    0x3D, 0x5F, 0x78, 0x92, 0x3D, 0x00, 0x00, 0x92, 0x3B, 0x5A, 0x78, 0x92,
    0x3B, 0x00, 0x00, 0x92, 0x3D, 0x64, 0x78, 0x92, 0x3D, 0x00, 0x00, 0x92,
    0x3E, 0x5F, 0x78, 0x92, 0x3E, 0x00, 0x00, 0x92, 0x40, 0x5F, 0x78, 0x92,
    0x40, 0x00, 0x00, 0x92, 0x3E, 0x5A, 0x78, 0x92, 0x3E, 0x00, 0x00, 0x92,
    0x3D, 0x64, 0x78, 0x92, 0x3D, 0x00, 0x00, 0x92, 0x3E, 0x5F, 0x78, 0x92,
    0x3E, 0x00, 0x00, 0x92, 0x3B, 0x5F, 0x78, 0x92, 0x3B, 0x00, 0x00, 0x92,
    0x3D, 0x5A, 0x78, 0x92, 0x3D, 0x00, 0x00, 0x92, 0x3E, 0x64, 0x81, 0x70,
    0x92, 0x3E, 0x00, 0x00, 0x92, 0x45, 0x5F, 0x81, 0x70, 0x92, 0x45, 0x00,
    0x00, 0x92, 0x45, 0x64, 0x81, 0x70, 0x92, 0x45, 0x00, 0x00, 0x92, 0x45,
    0x5F, 0x81, 0x70, 0x92, 0x45, 0x00, 0x00, 0x92, 0x45, 0x64, 0x81, 0x70,
    0x92, 0x45, 0x00, 0x00, 0x92, 0x45, 0x5F, 0x81, 0x70, 0x92, 0x45, 0x00,
    0x00, 0x92, 0x45, 0x64, 0x81, 0x70, 0x92, 0x45, 0x00, 0x00, 0x92, 0x45,
    0x5F, 0x81, 0x70, 0x92, 0x45, 0x00, 0x00, 0x92, 0x42, 0x64, 0x81, 0x70,
    0x92, 0x42, 0x00, 0x00, 0x92, 0x42, 0x5F, 0x81, 0x70, 0x92, 0x42, 0x00,
    0x00, 0x92, 0x42, 0x64, 0x81, 0x70, 0x92, 0x42, 0x00, 0x00, 0x92, 0x42,
    0x5F, 0x81, 0x70, 0x92, 0x42, 0x00, 0x00, 0x92, 0x42, 0x64, 0x81, 0x70,
    0x92, 0x42, 0x00, 0x00, 0x92, 0x42, 0x5F, 0x81, 0x70, 0x92, 0x42, 0x00,
    0x00, 0x92, 0x45, 0x64, 0x81, 0x70, 0x92, 0x45, 0x00, 0x00, 0x92, 0x45,
    0x5F, 0x81, 0x70, 0x92, 0x45, 0x00, 0x00, 0x92, 0x43, 0x64, 0x81, 0x70,
    0x92, 0x43, 0x00, 0x00, 0x92, 0x43, 0x5F, 0x81, 0x70, 0x92, 0x43, 0x00,
    0x00, 0x92, 0x43, 0x64, 0x81, 0x70, 0x92, 0x43, 0x00, 0x00, 0x92, 0x3E,
    0x5F, 0x81, 0x70, 0x92, 0x3E, 0x00, 0x00, 0x92, 0x3E, 0x64, 0x81, 0x70,
    0x92, 0x3E, 0x00, 0x00, 0x92, 0x3E, 0x5F, 0x81, 0x70, 0x92, 0x3E, 0x00,
    0x00, 0x92, 0x3E, 0x64, 0x81, 0x70, 0x92, 0x3E, 0x00, 0x00, 0x92, 0x3E,
    0x5F, 0x81, 0x70, 0x92, 0x3E, 0x00, 0x00, 0x92, 0x3E, 0x64, 0x81, 0x70,
    0x92, 0x3E, 0x00, 0x00, 0x92, 0x3E, 0x5F, 0x81, 0x70, 0x92, 0x3E, 0x00,
    0x00, 0x92, 0x3B, 0x64, 0x81, 0x70, 0x92, 0x3B, 0x00, 0x00, 0x92, 0x3B,
    0x5F, 0x81, 0x70, 0x92, 0x3B, 0x00, 0x00, 0x92, 0x39, 0x64, 0x81, 0x70,
    0x92, 0x39, 0x00, 0x00, 0x92, 0x39, 0x5F, 0x81, 0x70, 0x92, 0x39, 0x00,
    0x00, 0x92, 0x39, 0x64, 0x81, 0x70, 0x92, 0x39, 0x00, 0x00, 0x92, 0x3D,
    0x5F, 0x81, 0x70, 0x92, 0x3D, 0x00, 0x00, 0x92, 0x3E, 0x64, 0x81, 0x70,
    0x92, 0x3E, 0x00, 0x00, 0x92, 0x3E, 0x5F, 0x78, 0x92, 0x3E, 0x00, 0x00,
    0x92, 0x40, 0x5A, 0x78, 0x92, 0x40, 0x00, 0x00, 0x92, 0x42, 0x64, 0x81,
    0x70, 0x92, 0x42, 0x00, 0x00, 0x92, 0x3E, 0x5F, 0x81, 0x70, 0x92, 0x3E,
    0x00, 0x00, 0x92, 0x3D, 0x64, 0x81, 0x70, 0x92, 0x3D, 0x00, 0x00, 0x92,
    0x49, 0x5F, 0x78, 0x92, 0x49, 0x00, 0x00, 0x92, 0x4A, 0x5A, 0x78, 0x92,
    0x4A, 0x00, 0x00, 0x92, 0x4C, 0x64, 0x81, 0x70, 0x92, 0x4C, 0x00, 0x00,
    0x92, 0x49, 0x5F, 0x81, 0x70, 0x92, 0x49, 0x00, 0x00, 0x92, 0x4A, 0x64,
    0x81, 0x70, 0x92, 0x4A, 0x00, 0x00, 0x92, 0x3B, 0x5F, 0x78, 0x92, 0x3B,
    0x00, 0x00, 0x92, 0x3D, 0x5A, 0x78, 0x92, 0x3D, 0x00, 0x00, 0x92, 0x3E,
    0x64, 0x81, 0x70, 0x92, 0x3E, 0x00, 0x00, 0x92, 0x3B, 0x5F, 0x81, 0x70,
    0x92, 0x3B, 0x00, 0x00, 0x92, 0x3D, 0x64, 0x81, 0x70, 0x92, 0x3D, 0x00,
    0x00, 0x92, 0x45, 0x5F, 0x78, 0x92, 0x45, 0x00, 0x00, 0x92, 0x43, 0x5A,
    0x78, 0x92, 0x43, 0x00, 0x00, 0x92, 0x42, 0x64, 0x81, 0x70, 0x92, 0x42,
    0x00, 0x00, 0x92, 0x40, 0x5F, 0x81, 0x70, 0x92, 0x40, 0x00, 0x00, 0x92,
    0x3E, 0x64, 0x81, 0x70, 0x92, 0x3E, 0x00, 0x00, 0x92, 0x43, 0x5F, 0x78,
    0x92, 0x43, 0x00, 0x00, 0x92, 0x42, 0x5A, 0x78, 0x92, 0x42, 0x00, 0x00,
    0x92, 0x40, 0x64, 0x81, 0x70, 0x92, 0x40, 0x00, 0x00, 0x92, 0x43, 0x5F,
    0x81, 0x70, 0x92, 0x43, 0x00, 0x00, 0x92, 0x42, 0x64, 0x81, 0x70, 0x92,
    0x42, 0x00, 0x00, 0x92, 0x3E, 0x5F, 0x78, 0x92, 0x3E, 0x00, 0x00, 0x92,
    0x40, 0x5A, 0x78, 0x92, 0x40, 0x00, 0x00, 0x92, 0x42, 0x64, 0x81, 0x70,
    0x92, 0x42, 0x00, 0x00, 0x92, 0x45, 0x5F, 0x81, 0x70, 0x92, 0x45, 0x00,
    0x00, 0x92, 0x43, 0x64, 0x81, 0x70, 0x92, 0x43, 0x00, 0x00, 0x92, 0x47,
    0x5F, 0x78, 0x92, 0x47, 0x00, 0x00, 0x92, 0x45, 0x5A, 0x78, 0x92, 0x45,
    0x00, 0x00, 0x92, 0x43, 0x64, 0x81, 0x70, 0x92, 0x43, 0x00, 0x00, 0x92,
    0x42, 0x5F, 0x81, 0x70, 0x92, 0x42, 0x00, 0x00, 0x92, 0x40, 0x64, 0x81,
    0x70, 0x92, 0x40, 0x00, 0x00, 0x92, 0x45, 0x5F, 0x78, 0x92, 0x45, 0x00,
    0x00, 0x92, 0x43, 0x5A, 0x78, 0x92, 0x43, 0x00, 0x00, 0x92, 0x42, 0x64,
    0x81, 0x70, 0x92, 0x42, 0x00, 0x00, 0x92, 0x40, 0x5F, 0x81, 0x70, 0x92,
    0x40, 0x00, 0x00, 0x92, 0x3E, 0x64, 0x81, 0x70, 0x92, 0x3E, 0x00, 0x00,
    0x92, 0x3E, 0x5F, 0x78, 0x92, 0x3E, 0x00, 0x00, 0x92, 0x3D, 0x5A, 0x78,
    0x92, 0x3D, 0x00, 0x00, 0x92, 0x3E, 0x64, 0x81, 0x70, 0x92, 0x3E, 0x00,
    0x00, 0x92, 0x42, 0x5F, 0x81, 0x70, 0x92, 0x42, 0x00, 0x00, 0x92, 0x45,
    0x64, 0x81, 0x70, 0x92, 0x45, 0x00, 0x00, 0x92, 0x39, 0x5F, 0x78, 0x92,
    0x39, 0x00, 0x00, 0x92, 0x3B, 0x5A, 0x78, 0x92, 0x3B, 0x00, 0x00, 0x92,
    0x3D, 0x64, 0x81, 0x70, 0x92, 0x3D, 0x00, 0x00, 0x92, 0x39, 0x5F, 0x81,
    0x70, 0x92, 0x39, 0x00, 0x00, 0x92, 0x42, 0x64, 0x81, 0x70, 0x92, 0x42,
    0x00, 0x00, 0x92, 0x3E, 0x5F, 0x78, 0x92, 0x3E, 0x00, 0x00, 0x92, 0x40,
    0x5A, 0x78, 0x92, 0x40, 0x00, 0x00, 0x92, 0x42, 0x64, 0x81, 0x70, 0x92,
    0x42, 0x00, 0x00, 0x92, 0x3E, 0x5F, 0x81, 0x70, 0x92, 0x3E, 0x00, 0x00,
    0x92, 0x42, 0x64, 0x81, 0x70, 0x92, 0x42, 0x00, 0x00, 0x92, 0x42, 0x5F,
    0x78, 0x92, 0x42, 0x00, 0x00, 0x92, 0x40, 0x5A, 0x78, 0x92, 0x40, 0x00,
    0x00, 0x92, 0x3E, 0x64, 0x81, 0x70, 0x92, 0x3E, 0x00, 0x00, 0x92, 0x3D,
    0x5F, 0x81, 0x70, 0x92, 0x3D, 0x00, 0x00, 0x92, 0x3B, 0x64, 0x81, 0x70,
    0x92, 0x3B, 0x00, 0x00, 0x92, 0x3B, 0x5F, 0x78, 0x92, 0x3B, 0x00, 0x00,
    0x92, 0x39, 0x5A, 0x78, 0x92, 0x39, 0x00, 0x00, 0x92, 0x3B, 0x64, 0x81,
    0x70, 0x92, 0x3B, 0x00, 0x00, 0x92, 0x3D, 0x5F, 0x81, 0x70, 0x92, 0x3D,
    0x00, 0x00, 0x92, 0x3E, 0x64, 0x81, 0x70, 0x92, 0x3E, 0x00, 0x00, 0x92,
    0x42, 0x5F, 0x78, 0x92, 0x42, 0x00, 0x00, 0x92, 0x40, 0x5A, 0x78, 0x92,
    0x40, 0x00, 0x00, 0x92, 0x3E, 0x64, 0x81, 0x70, 0x92, 0x3E, 0x00, 0x00,
    0x92, 0x42, 0x5F, 0x81, 0x70, 0x92, 0x42, 0x00, 0x00, 0x92, 0x43, 0x64,
    0x81, 0x70, 0x92, 0x43, 0x00, 0x00, 0x92, 0x3E, 0x5F, 0x78, 0x92, 0x3E,
    0x00, 0x00, 0x92, 0x3D, 0x5A, 0x78, 0x92, 0x3D, 0x00, 0x00, 0x92, 0x3E,
    0x64, 0x81, 0x70, 0x92, 0x3E, 0x00, 0x00, 0x92, 0x3E, 0x5F, 0x81, 0x70,
    0x92, 0x3E, 0x00, 0x00, 0x92, 0x3E, 0x64, 0x85, 0x50, 0x92, 0x3E, 0x00,
    0x00, 0x92, 0x3D, 0x5F, 0x81, 0x70, 0x92, 0x3D, 0x00, 0x00, 0x92, 0x3E,
    0x64, 0x83, 0x60, 0x92, 0x3E, 0x00, 0x00, 0x92, 0x4A, 0x5F, 0x83, 0x60,
    0x92, 0x4A, 0x00, 0x00, 0x92, 0x49, 0x5F, 0x87, 0x40, 0x92, 0x49, 0x00,
    0x00, 0x92, 0x47, 0x64, 0x87, 0x40, 0x92, 0x47, 0x00, 0x00, 0x92, 0x45,
    0x5F, 0x87, 0x40, 0x92, 0x45, 0x00, 0x00, 0x92, 0x3E, 0x64, 0x85, 0x50,
    0x92, 0x3E, 0x00, 0x00, 0x92, 0x40, 0x5F, 0x81, 0x70, 0x92, 0x40, 0x00,
    0x00, 0x92, 0x42, 0x5F, 0x87, 0x40, 0x92, 0x42, 0x00, 0x00, 0x92, 0x47,
    0x64, 0x87, 0x40, 0x92, 0x47, 0x00, 0x00, 0x92, 0x40, 0x5F, 0x85, 0x50,
    0x92, 0x40, 0x00, 0x00, 0x92, 0x40, 0x5F, 0x81, 0x70, 0x92, 0x40, 0x00,
    0x00, 0x92, 0x42, 0x64, 0x85, 0x50, 0x92, 0x42, 0x00, 0x00, 0x92, 0x4E,
    0x5F, 0x81, 0x70, 0x92, 0x4E, 0x00, 0x00, 0x92, 0x4E, 0x64, 0x81, 0x70,
    0x92, 0x4E, 0x00, 0x00, 0x92, 0x4F, 0x5F, 0x81, 0x70, 0x92, 0x4F, 0x00,
    0x00, 0x92, 0x4E, 0x64, 0x81, 0x70, 0x92, 0x4E, 0x00, 0x00, 0x92, 0x4C,
    0x5F, 0x81, 0x70, 0x92, 0x4C, 0x00, 0x00, 0x92, 0x4A, 0x64, 0x85, 0x50,
    0x92, 0x4A, 0x00, 0x00, 0x92, 0x4A, 0x5F, 0x81, 0x70, 0x92, 0x4A, 0x00,
    0x00, 0x92, 0x4A, 0x64, 0x81, 0x70, 0x92, 0x4A, 0x00, 0x00, 0x92, 0x4C,
    0x5F, 0x81, 0x70, 0x92, 0x4C, 0x00, 0x00, 0x92, 0x4A, 0x64, 0x81, 0x70,
    0x92, 0x4A, 0x00, 0x00, 0x92, 0x49, 0x5F, 0x81, 0x70, 0x92, 0x49, 0x00,
    0x00, 0x92, 0x47, 0x64, 0x87, 0x40, 0x92, 0x47, 0x00, 0x00, 0x92, 0x3E,
    0x5F, 0x87, 0x40, 0x92, 0x3E, 0x00, 0x00, 0x92, 0x3E, 0x64, 0x81, 0x70,
    0x92, 0x3E, 0x00, 0x00, 0x92, 0x3C, 0x5F, 0x81, 0x70, 0x92, 0x3C, 0x00,
    0x00, 0x92, 0x3B, 0x64, 0x81, 0x70, 0x92, 0x3B, 0x00, 0x00, 0x92, 0x3C,
    0x5F, 0x81, 0x70, 0x92, 0x3C, 0x00, 0x00, 0x92, 0x39, 0x64, 0x85, 0x50,
    0x92, 0x39, 0x00, 0x00, 0x92, 0x39, 0x5F, 0x81, 0x70, 0x92, 0x39, 0x00,
    0x00, 0x92, 0x42, 0x5F, 0x83, 0x60, 0x92, 0x42, 0x00, 0x00, 0x92, 0x4A,
    0x64, 0x87, 0x40, 0x92, 0x4A, 0x00, 0x00, 0x92, 0x4C, 0x5F, 0x83, 0x60,
    0x92, 0x4C, 0x00, 0x00, 0x92, 0x4A, 0x5F, 0x83, 0x60, 0x92, 0x4A, 0x00,
    0x00, 0x92, 0x3E, 0x64, 0x87, 0x40, 0x92, 0x3E, 0x00, 0x00, 0x92, 0x3C,
    0x5F, 0x83, 0x60, 0x92, 0x3C, 0x00, 0x00, 0x92, 0x3B, 0x64, 0x87, 0x40,
    0x92, 0x3B, 0x00, 0x00, 0x92, 0x3E, 0x5F, 0x83, 0x60, 0x92, 0x3E, 0x00,
    0x00, 0x92, 0x39, 0x5F, 0x83, 0x60, 0x92, 0x39, 0x00, 0x00, 0x92, 0x3B,
    0x64, 0x87, 0x40, 0x92, 0x3B, 0x00, 0x00, 0x92, 0x39, 0x5F, 0x87, 0x40,
    0x92, 0x39, 0x00, 0x00, 0x92, 0x42, 0x5F, 0x83, 0x60, 0x92, 0x42, 0x00,
    0x00, 0x92, 0x4E, 0x64, 0x87, 0x40, 0x92, 0x4E, 0x00, 0x00, 0x92, 0x4C,
    0x5F, 0x83, 0x60, 0x92, 0x4C, 0x00, 0x00, 0x92, 0x4A, 0x64, 0x8B, 0x20,
    0x92, 0x4A, 0x00, 0x00, 0x92, 0x48, 0x5F, 0x83, 0x60, 0x92, 0x48, 0x00,
    0x00, 0x92, 0x47, 0x64, 0x87, 0x40, 0x92, 0x47, 0x00, 0x00, 0x92, 0x4A,
    0x64, 0x83, 0x60, 0x92, 0x4A, 0x00, 0x00, 0x92, 0x45, 0x5F, 0x83, 0x60,
    0x92, 0x45, 0x00, 0x00, 0x92, 0x47, 0x64, 0x87, 0x40, 0x92, 0x47, 0x00,
    0x00, 0x92, 0x45, 0x5F, 0x87, 0x40, 0x92, 0x45, 0x00, 0x00, 0x92, 0x4A,
    0x64, 0x83, 0x60, 0x92, 0x4A, 0x00, 0x00, 0x92, 0x3E, 0x5F, 0x83, 0x60,
    0x92, 0x3E, 0x00, 0x00, 0x92, 0x3D, 0x64, 0x83, 0x60, 0x92, 0x3D, 0x00,
    0x00, 0x92, 0x49, 0x5F, 0x83, 0x60, 0x92, 0x49, 0x00, 0x00, 0x92, 0x47,
    0x64, 0x83, 0x60, 0x92, 0x47, 0x00, 0x00, 0x92, 0x3B, 0x5F, 0x83, 0x60,
    0x92, 0x3B, 0x00, 0x00, 0x92, 0x39, 0x64, 0x83, 0x60, 0x92, 0x39, 0x00,
    0x00, 0x92, 0x45, 0x5F, 0x83, 0x60, 0x92, 0x45, 0x00, 0x00, 0x92, 0x43,
    0x64, 0x83, 0x60, 0x92, 0x43, 0x00, 0x00, 0x92, 0x4F, 0x64, 0x83, 0x60,
    0x92, 0x4F, 0x00, 0x00, 0x92, 0x4E, 0x5F, 0x83, 0x60, 0x92, 0x4E, 0x00,
    0x00, 0x92, 0x42, 0x5F, 0x83, 0x60, 0x92, 0x42, 0x00, 0x00, 0x92, 0x4A,
    0x64, 0x00, 0x92, 0x40, 0x5A, 0x00, 0x92, 0x43, 0x55, 0x83, 0x60, 0x92,
    0x4A, 0x00, 0x00, 0x92, 0x47, 0x64, 0x83, 0x60, 0x92, 0x47, 0x00, 0x00,
    0x92, 0x43, 0x00, 0x00, 0x92, 0x40, 0x00, 0x00, 0x92, 0x4A, 0x64, 0x00,
    0x92, 0x40, 0x5A, 0x00, 0x92, 0x45, 0x55, 0x83, 0x60, 0x92, 0x4A, 0x00,
    0x00, 0x92, 0x49, 0x64, 0x83, 0x60, 0x92, 0x49, 0x00, 0x00, 0x92, 0x45,
    0x00, 0x00, 0x92, 0x40, 0x00, 0x00, 0x92, 0x4A, 0x64, 0x00, 0x92, 0x45,
    0x5A, 0x00, 0x92, 0x42, 0x55, 0x8E, 0x08, 0x92, 0x42, 0x00, 0x00, 0x92,
    0x45, 0x00, 0x00, 0x92, 0x4A, 0x00, 0x00, 0xFF, 0x2F, 0x00, 0x4D, 0x54,
    0x72, 0x6B, 0x00, 0x00, 0x0D, 0x9E, 0x00, 0xFF, 0x7F, 0x04, 0x43, 0x00,
    0x01, 0x00, 0x00, 0xFF, 0x03, 0x24, 0x43, 0x68, 0x75, 0x72, 0x63, 0x68,
    0x6F, 0x72, 0x67, 0x61, 0x6E, 0x20, 0x20, 0x20, 0x20, 0x20, 0x20, 0x20,
    0x20, 0x20, 0x20, 0x20, 0x20, 0x20, 0x20, 0x20, 0x20, 0x20, 0x20, 0x20,
    0x20, 0x20, 0x20, 0x20, 0x20, 0x20, 0x00, 0xFF, 0x21, 0x01, 0x00, 0x87,
    0x54, 0xB3, 0x00, 0x00, 0x0A, 0xB3, 0x20, 0x00, 0x0A, 0xC3, 0x13, 0x0A,
    0xB3, 0x07, 0x3C, 0x0A, 0xB3, 0x0B, 0x6E, 0x0A, 0xB3, 0x0A, 0x5A, 0x0A,
    0xB3, 0x5B, 0x78, 0x0A, 0xB3, 0x5D, 0x00, 0x0A, 0xB3, 0x5E, 0x00, 0x0A,
    0xB3, 0x65, 0x00, 0x0A, 0xB3, 0x64, 0x00, 0x0A, 0xB3, 0x06, 0x0C, 0x86,
    0x3E, 0x93, 0x3E, 0x64, 0x00, 0x93, 0x39, 0x5A, 0x00, 0x93, 0x36, 0x55,
    0x87, 0x40, 0x93, 0x36, 0x00, 0x00, 0x93, 0x39, 0x00, 0x00, 0x93, 0x3E,
    0x00, 0x00, 0x93, 0x3D, 0x64, 0x00, 0x93, 0x39, 0x5A, 0x00, 0x93, 0x34,
    0x55, 0x87, 0x40, 0x93, 0x34, 0x00, 0x00, 0x93, 0x39, 0x00, 0x00, 0x93,
    0x3D, 0x00, 0x00, 0x93, 0x3B, 0x64, 0x00, 0x93, 0x36, 0x5A, 0x00, 0x93,
    0x32, 0x55, 0x87, 0x40, 0x93, 0x32, 0x00, 0x00, 0x93, 0x36, 0x00, 0x00,
    0x93, 0x3B, 0x00, 0x00, 0x93, 0x39, 0x64, 0x00, 0x93, 0x36, 0x5A, 0x00,
    0x93, 0x31, 0x55, 0x87, 0x40, 0x93, 0x31, 0x00, 0x00, 0x93, 0x36, 0x00,
    0x00, 0x93, 0x39, 0x00, 0x00, 0x93, 0x37, 0x64, 0x00, 0x93, 0x32, 0x5A,
    0x00, 0x93, 0x2F, 0x55, 0x87, 0x40, 0x93, 0x2F, 0x00, 0x00, 0x93, 0x32,
    0x00, 0x00, 0x93, 0x37, 0x00, 0x00, 0x93, 0x3E, 0x64, 0x00, 0x93, 0x39,
    0x5A, 0x00, 0x93, 0x36, 0x55, 0x87, 0x40, 0x93, 0x36, 0x00, 0x00, 0x93,
    0x39, 0x00, 0x00, 0x93, 0x3E, 0x00, 0x00, 0x93, 0x3E, 0x64, 0x00, 0x93,
    0x3B, 0x5A, 0x00, 0x93, 0x34, 0x55, 0x87, 0x40, 0x93, 0x34, 0x00, 0x00,
    0x93, 0x3B, 0x00, 0x00, 0x93, 0x3E, 0x00, 0x00, 0x93, 0x3D, 0x64, 0x00,
    0x93, 0x39, 0x5A, 0x00, 0x93, 0x34, 0x55, 0x87, 0x40, 0x93, 0x34, 0x00,
    0x00, 0x93, 0x39, 0x00, 0x00, 0x93, 0x3D, 0x00, 0x00, 0x93, 0x3E, 0x64,
    0x00, 0x93, 0x39, 0x5A, 0x00, 0x93, 0x36, 0x55, 0x87, 0x40, 0x93, 0x36,
    0x00, 0x00, 0x93, 0x39, 0x00, 0x00, 0x93, 0x3E, 0x00, 0x00, 0x93, 0x3D,
    0x64, 0x00, 0x93, 0x39, 0x5A, 0x00, 0x93, 0x34, 0x55, 0x87, 0x40, 0x93,
    0x34, 0x00, 0x00, 0x93, 0x39, 0x00, 0x00, 0x93, 0x3D, 0x00, 0x00, 0x93,
    0x3B, 0x64, 0x00, 0x93, 0x36, 0x5A, 0x00, 0x93, 0x32, 0x55, 0x87, 0x40,
    0x93, 0x32, 0x00, 0x00, 0x93, 0x36, 0x00, 0x00, 0x93, 0x3B, 0x00, 0x00,
    0x93, 0x39, 0x64, 0x00, 0x93, 0x36, 0x5A, 0x00, 0x93, 0x31, 0x55, 0x87,
    0x40, 0x93, 0x31, 0x00, 0x00, 0x93, 0x36, 0x00, 0x00, 0x93, 0x39, 0x00,
    0x00, 0x93, 0x37, 0x64, 0x00, 0x93, 0x32, 0x5A, 0x00, 0x93, 0x2F, 0x55,
    0x87, 0x40, 0x93, 0x2F, 0x00, 0x00, 0x93, 0x32, 0x00, 0x00, 0x93, 0x37,
    0x00, 0x00, 0x93, 0x3E, 0x64, 0x00, 0x93, 0x39, 0x5A, 0x00, 0x93, 0x36,
    0x55, 0x87, 0x40, 0x93, 0x36, 0x00, 0x00, 0x93, 0x39, 0x00, 0x00, 0x93,
    0x3E, 0x00, 0x00, 0x93, 0x3E, 0x64, 0x00, 0x93, 0x3B, 0x5A, 0x00, 0x93,
    0x34, 0x55, 0x87, 0x40, 0x93, 0x34, 0x00, 0x00, 0x93, 0x3B, 0x00, 0x00,
    0x93, 0x3E, 0x00, 0x00, 0x93, 0x3D, 0x64, 0x00, 0x93, 0x39, 0x5A, 0x00,
    0x93, 0x34, 0x55, 0x87, 0x40, 0x93, 0x34, 0x00, 0x00, 0x93, 0x39, 0x00,
    0x00, 0x93, 0x3D, 0x00, 0x00, 0x93, 0x3E, 0x64, 0x00, 0x93, 0x39, 0x5A,
    0x00, 0x93, 0x36, 0x55, 0x87, 0x40, 0x93, 0x36, 0x00, 0x00, 0x93, 0x39,
    0x00, 0x00, 0x93, 0x3E, 0x00, 0x00, 0x93, 0x3D, 0x64, 0x00, 0x93, 0x39,
    0x5A, 0x00, 0x93, 0x34, 0x55, 0x87, 0x40, 0x93, 0x34, 0x00, 0x00, 0x93,
    0x39, 0x00, 0x00, 0x93, 0x3D, 0x00, 0x00, 0x93, 0x3B, 0x64, 0x00, 0x93,
    0x36, 0x5A, 0x00, 0x93, 0x32, 0x55, 0x87, 0x40, 0x93, 0x32, 0x00, 0x00,
    0x93, 0x36, 0x00, 0x00, 0x93, 0x3B, 0x00, 0x00, 0x93, 0x39, 0x64, 0x00,
    0x93, 0x36, 0x5A, 0x00, 0x93, 0x31, 0x55, 0x87, 0x40, 0x93, 0x31, 0x00,
    0x00, 0x93, 0x36, 0x00, 0x00, 0x93, 0x39, 0x00, 0x00, 0x93, 0x37, 0x64,
    0x00, 0x93, 0x32, 0x5A, 0x00, 0x93, 0x2F, 0x55, 0x87, 0x40, 0x93, 0x2F,
    0x00, 0x00, 0x93, 0x32, 0x00, 0x00, 0x93, 0x37, 0x00, 0x00, 0x93, 0x3E,
    0x64, 0x00, 0x93, 0x39, 0x5A, 0x00, 0x93, 0x36, 0x55, 0x87, 0x40, 0x93,
    0x36, 0x00, 0x00, 0x93, 0x39, 0x00, 0x00, 0x93, 0x3E, 0x00, 0x00, 0x93,
    0x3E, 0x64, 0x00, 0x93, 0x3B, 0x5A, 0x00, 0x93, 0x34, 0x55, 0x87, 0x40,
    0x93, 0x34, 0x00, 0x00, 0x93, 0x3B, 0x00, 0x00, 0x93, 0x3E, 0x00, 0x00,
    0x93, 0x3D, 0x64, 0x00, 0x93, 0x39, 0x5A, 0x00, 0x93, 0x34, 0x55, 0x87,
    0x40, 0x93, 0x34, 0x00, 0x00, 0x93, 0x39, 0x00, 0x00, 0x93, 0x3D, 0x00,
    0x00, 0x93, 0x3E, 0x64, 0x00, 0x93, 0x39, 0x5A, 0x00, 0x93, 0x36, 0x55,
    0x87, 0x40, 0x93, 0x36, 0x00, 0x00, 0x93, 0x39, 0x00, 0x00, 0x93, 0x3E,
    0x00, 0x00, 0x93, 0x3D, 0x64, 0x00, 0x93, 0x39, 0x5A, 0x00, 0x93, 0x34,
    0x55, 0x87, 0x40, 0x93, 0x34, 0x00, 0x00, 0x93, 0x39, 0x00, 0x00, 0x93,
    0x3D, 0x00, 0x00, 0x93, 0x3B, 0x64, 0x00, 0x93, 0x36, 0x5A, 0x00, 0x93,
    0x32, 0x55, 0x87, 0x40, 0x93, 0x32, 0x00, 0x00, 0x93, 0x36, 0x00, 0x00,
    0x93, 0x3B, 0x00, 0x00, 0x93, 0x39, 0x64, 0x00, 0x93, 0x36, 0x5A, 0x00,
    0x93, 0x31, 0x55, 0x87, 0x40, 0x93, 0x31, 0x00, 0x00, 0x93, 0x36, 0x00,
    0x00, 0x93, 0x39, 0x00, 0x00, 0x93, 0x37, 0x64, 0x00, 0x93, 0x32, 0x5A,
    0x00, 0x93, 0x2F, 0x55, 0x87, 0x40, 0x93, 0x2F, 0x00, 0x00, 0x93, 0x32,
    0x00, 0x00, 0x93, 0x37, 0x00, 0x00, 0x93, 0x3E, 0x64, 0x00, 0x93, 0x39,
    0x5A, 0x00, 0x93, 0x36, 0x55, 0x87, 0x40, 0x93, 0x36, 0x00, 0x00, 0x93,
    0x39, 0x00, 0x00, 0x93, 0x3E, 0x00, 0x00, 0x93, 0x3E, 0x64, 0x00, 0x93,
    0x3B, 0x5A, 0x00, 0x93, 0x34, 0x55, 0x87, 0x40, 0x93, 0x34, 0x00, 0x00,
    0x93, 0x3B, 0x00, 0x00, 0x93, 0x3E, 0x00, 0x00, 0x93, 0x3D, 0x64, 0x00,
    0x93, 0x39, 0x5A, 0x00, 0x93, 0x34, 0x55, 0x87, 0x40, 0x93, 0x34, 0x00,
    0x00, 0x93, 0x39, 0x00, 0x00, 0x93, 0x3D, 0x00, 0x00, 0x93, 0x3E, 0x64,
    0x00, 0x93, 0x39, 0x5A, 0x00, 0x93, 0x36, 0x55, 0x87, 0x40, 0x93, 0x36,
    0x00, 0x00, 0x93, 0x39, 0x00, 0x00, 0x93, 0x3E, 0x00, 0x00, 0x93, 0x3D,
    0x64, 0x00, 0x93, 0x39, 0x5A, 0x00, 0x93, 0x34, 0x55, 0x87, 0x40, 0x93,
    0x34, 0x00, 0x00, 0x93, 0x39, 0x00, 0x00, 0x93, 0x3D, 0x00, 0x00, 0x93,
    0x3B, 0x64, 0x00, 0x93, 0x36, 0x5A, 0x00, 0x93, 0x32, 0x55, 0x87, 0x40,
    0x93, 0x32, 0x00, 0x00, 0x93, 0x36, 0x00, 0x00, 0x93, 0x3B, 0x00, 0x00,
    0x93, 0x39, 0x64, 0x00, 0x93, 0x36, 0x5A, 0x00, 0x93, 0x31, 0x55, 0x87,
    0x40, 0x93, 0x31, 0x00, 0x00, 0x93, 0x36, 0x00, 0x00, 0x93, 0x39, 0x00,
    0x00, 0x93, 0x37, 0x64, 0x00, 0x93, 0x32, 0x5A, 0x00, 0x93, 0x2F, 0x55,
    0x87, 0x40, 0x93, 0x2F, 0x00, 0x00, 0x93, 0x32, 0x00, 0x00, 0x93, 0x37,
    0x00, 0x00, 0x93, 0x3E, 0x64, 0x00, 0x93, 0x39, 0x5A, 0x00, 0x93, 0x36,
    0x55, 0x87, 0x40, 0x93, 0x36, 0x00, 0x00, 0x93, 0x39, 0x00, 0x00, 0x93,
    0x3E, 0x00, 0x00, 0x93, 0x3E, 0x64, 0x00, 0x93, 0x3B, 0x5A, 0x00, 0x93,
    0x34, 0x55, 0x87, 0x40, 0x93, 0x34, 0x00, 0x00, 0x93, 0x3B, 0x00, 0x00,
    0x93, 0x3E, 0x00, 0x00, 0x93, 0x3D, 0x64, 0x00, 0x93, 0x39, 0x5A, 0x00,
    0x93, 0x34, 0x55, 0x87, 0x40, 0x93, 0x34, 0x00, 0x00, 0x93, 0x39, 0x00,
    0x00, 0x93, 0x3D, 0x00, 0x00, 0x93, 0x3E, 0x64, 0x00, 0x93, 0x39, 0x5A,
    0x00, 0x93, 0x36, 0x55, 0x87, 0x40, 0x93, 0x36, 0x00, 0x00, 0x93, 0x39,
    0x00, 0x00, 0x93, 0x3E, 0x00, 0x00, 0x93, 0x3D, 0x64, 0x00, 0x93, 0x39,
    0x5A, 0x00, 0x93, 0x34, 0x55, 0x87, 0x40, 0x93, 0x34, 0x00, 0x00, 0x93,
    0x39, 0x00, 0x00, 0x93, 0x3D, 0x00, 0x00, 0x93, 0x3B, 0x64, 0x00, 0x93,
    0x36, 0x5A, 0x00, 0x93, 0x32, 0x55, 0x87, 0x40, 0x93, 0x32, 0x00, 0x00,
    0x93, 0x36, 0x00, 0x00, 0x93, 0x3B, 0x00, 0x00, 0x93, 0x39, 0x64, 0x00,
    0x93, 0x36, 0x5A, 0x00, 0x93, 0x31, 0x55, 0x87, 0x40, 0x93, 0x31, 0x00,
    0x00, 0x93, 0x36, 0x00, 0x00, 0x93, 0x39, 0x00, 0x00, 0x93, 0x37, 0x64,
    0x00, 0x93, 0x32, 0x5A, 0x00, 0x93, 0x2F, 0x55, 0x87, 0x40, 0x93, 0x2F,
    0x00, 0x00, 0x93, 0x32, 0x00, 0x00, 0x93, 0x37, 0x00, 0x00, 0x93, 0x39,
    0x64, 0x00, 0x93, 0x36, 0x5A, 0x00, 0x93, 0x32, 0x55, 0x87, 0x40, 0x93,
    0x32, 0x00, 0x00, 0x93, 0x36, 0x00, 0x00, 0x93, 0x39, 0x00, 0x00, 0x93,
    0x3E, 0x64, 0x00, 0x93, 0x3B, 0x5A, 0x00, 0x93, 0x34, 0x55, 0x87, 0x40,
    0x93, 0x34, 0x00, 0x00, 0x93, 0x3B, 0x00, 0x00, 0x93, 0x3E, 0x00, 0x00,
    0x93, 0x3D, 0x64, 0x00, 0x93, 0x39, 0x5A, 0x00, 0x93, 0x34, 0x55, 0x87,
    0x40, 0x93, 0x34, 0x00, 0x00, 0x93, 0x39, 0x00, 0x00, 0x93, 0x3D, 0x00,
    0x00, 0x93, 0x3E, 0x64, 0x00, 0x93, 0x39, 0x5A, 0x00, 0x93, 0x36, 0x55,
    0x87, 0x40, 0x93, 0x36, 0x00, 0x00, 0x93, 0x39, 0x00, 0x00, 0x93, 0x3E,
    0x00, 0x00, 0x93, 0x3D, 0x64, 0x00, 0x93, 0x39, 0x5A, 0x00, 0x93, 0x34,
    0x55, 0x87, 0x40, 0x93, 0x34, 0x00, 0x00, 0x93, 0x39, 0x00, 0x00, 0x93,
    0x3D, 0x00, 0x00, 0x93, 0x3B, 0x64, 0x00, 0x93, 0x36, 0x5A, 0x00, 0x93,
    0x32, 0x55, 0x87, 0x40, 0x93, 0x32, 0x00, 0x00, 0x93, 0x36, 0x00, 0x00,
    0x93, 0x3B, 0x00, 0x00, 0x93, 0x39, 0x64, 0x00, 0x93, 0x36, 0x5A, 0x00,
    0x93, 0x31, 0x55, 0x87, 0x40, 0x93, 0x31, 0x00, 0x00, 0x93, 0x36, 0x00,
    0x00, 0x93, 0x39, 0x00, 0x00, 0x93, 0x37, 0x64, 0x00, 0x93, 0x32, 0x5A,
    0x00, 0x93, 0x2F, 0x55, 0x87, 0x40, 0x93, 0x2F, 0x00, 0x00, 0x93, 0x32,
    0x00, 0x00, 0x93, 0x37, 0x00, 0x00, 0x93, 0x36, 0x64, 0x00, 0x93, 0x32,
    0x5A, 0x00, 0x93, 0x2D, 0x55, 0x87, 0x40, 0x93, 0x2D, 0x00, 0x00, 0x93,
    0x32, 0x00, 0x00, 0x93, 0x36, 0x00, 0x00, 0x93, 0x37, 0x64, 0x00, 0x93,
    0x32, 0x5A, 0x00, 0x93, 0x2F, 0x55, 0x87, 0x40, 0x93, 0x2F, 0x00, 0x00,
    0x93, 0x32, 0x00, 0x00, 0x93, 0x37, 0x00, 0x00, 0x93, 0x39, 0x64, 0x00,
    0x93, 0x34, 0x5A, 0x00, 0x93, 0x31, 0x55, 0x87, 0x40, 0x93, 0x31, 0x00,
    0x00, 0x93, 0x34, 0x00, 0x00, 0x93, 0x39, 0x00, 0x00, 0x93, 0x3E, 0x64,
    0x00, 0x93, 0x39, 0x5A, 0x00, 0x93, 0x36, 0x55, 0x87, 0x40, 0x93, 0x36,
    0x00, 0x00, 0x93, 0x39, 0x00, 0x00, 0x93, 0x3E, 0x00, 0x00, 0x93, 0x3D,
    0x64, 0x00, 0x93, 0x39, 0x5A, 0x00, 0x93, 0x34, 0x55, 0x87, 0x40, 0x93,
    0x34, 0x00, 0x00, 0x93, 0x39, 0x00, 0x00, 0x93, 0x3D, 0x00, 0x00, 0x93,
    0x3B, 0x64, 0x00, 0x93, 0x36, 0x5A, 0x00, 0x93, 0x32, 0x55, 0x87, 0x40,
    0x93, 0x32, 0x00, 0x00, 0x93, 0x36, 0x00, 0x00, 0x93, 0x3B, 0x00, 0x00,
    0x93, 0x39, 0x64, 0x00, 0x93, 0x36, 0x5A, 0x00, 0x93, 0x31, 0x55, 0x87,
    0x40, 0x93, 0x31, 0x00, 0x00, 0x93, 0x36, 0x00, 0x00, 0x93, 0x39, 0x00,
    0x00, 0x93, 0x37, 0x64, 0x00, 0x93, 0x32, 0x5A, 0x00, 0x93, 0x2F, 0x55,
    0x87, 0x40, 0x93, 0x2F, 0x00, 0x00, 0x93, 0x32, 0x00, 0x00, 0x93, 0x37,
    0x00, 0x00, 0x93, 0x36, 0x64, 0x00, 0x93, 0x32, 0x5A, 0x00, 0x93, 0x2D,
    0x55, 0x87, 0x40, 0x93, 0x2D, 0x00, 0x00, 0x93, 0x32, 0x00, 0x00, 0x93,
    0x36, 0x00, 0x00, 0x93, 0x37, 0x64, 0x00, 0x93, 0x32, 0x5A, 0x00, 0x93,
    0x2F, 0x55, 0x87, 0x40, 0x93, 0x2F, 0x00, 0x00, 0x93, 0x32, 0x00, 0x00,
    0x93, 0x37, 0x00, 0x00, 0x93, 0x39, 0x64, 0x00, 0x93, 0x34, 0x5A, 0x00,
    0x93, 0x31, 0x55, 0x87, 0x40, 0x93, 0x31, 0x00, 0x00, 0x93, 0x34, 0x00,
    0x00, 0x93, 0x39, 0x00, 0x00, 0x93, 0x3E, 0x64, 0x00, 0x93, 0x39, 0x5A,
    0x00, 0x93, 0x36, 0x55, 0x87, 0x40, 0x93, 0x36, 0x00, 0x00, 0x93, 0x39,
    0x00, 0x00, 0x93, 0x3E, 0x00, 0x00, 0x93, 0x3D, 0x64, 0x00, 0x93, 0x39,
    0x5A, 0x00, 0x93, 0x34, 0x55, 0x87, 0x40, 0x93, 0x34, 0x00, 0x00, 0x93,
    0x39, 0x00, 0x00, 0x93, 0x3D, 0x00, 0x00, 0x93, 0x3B, 0x64, 0x00, 0x93,
    0x36, 0x5A, 0x00, 0x93, 0x32, 0x55, 0x87, 0x40, 0x93, 0x32, 0x00, 0x00,
    0x93, 0x36, 0x00, 0x00, 0x93, 0x3B, 0x00, 0x00, 0x93, 0x39, 0x64, 0x00,
    0x93, 0x36, 0x5A, 0x00, 0x93, 0x31, 0x55, 0x87, 0x40, 0x93, 0x31, 0x00,
    0x00, 0x93, 0x36, 0x00, 0x00, 0x93, 0x39, 0x00, 0x00, 0x93, 0x37, 0x64,
    0x00, 0x93, 0x32, 0x5A, 0x00, 0x93, 0x2F, 0x55, 0x87, 0x40, 0x93, 0x2F,
    0x00, 0x00, 0x93, 0x32, 0x00, 0x00, 0x93, 0x37, 0x00, 0x00, 0x93, 0x36,
    0x64, 0x00, 0x93, 0x32, 0x5A, 0x00, 0x93, 0x2D, 0x55, 0x87, 0x40, 0x93,
    0x2D, 0x00, 0x00, 0x93, 0x32, 0x00, 0x00, 0x93, 0x36, 0x00, 0x00, 0x93,
    0x37, 0x64, 0x00, 0x93, 0x32, 0x5A, 0x00, 0x93, 0x2F, 0x55, 0x87, 0x40,
    0x93, 0x2F, 0x00, 0x00, 0x93, 0x32, 0x00, 0x00, 0x93, 0x37, 0x00, 0x00,
    0x93, 0x39, 0x64, 0x00, 0x93, 0x34, 0x5A, 0x00, 0x93, 0x31, 0x55, 0x87,
    0x40, 0x93, 0x31, 0x00, 0x00, 0x93, 0x34, 0x00, 0x00, 0x93, 0x39, 0x00,
    0x00, 0x93, 0x3E, 0x64, 0x00, 0x93, 0x39, 0x5A, 0x00, 0x93, 0x36, 0x55,
    0x87, 0x40, 0x93, 0x36, 0x00, 0x00, 0x93, 0x39, 0x00, 0x00, 0x93, 0x3E,
    0x00, 0x00, 0x93, 0x39, 0x64, 0x00, 0x93, 0x34, 0x5A, 0x00, 0x93, 0x31,
    0x55, 0x87, 0x40, 0x93, 0x31, 0x00, 0x00, 0x93, 0x34, 0x00, 0x00, 0x93,
    0x39, 0x00, 0x00, 0x93, 0x3B, 0x64, 0x00, 0x93, 0x36, 0x5A, 0x00, 0x93,
    0x32, 0x55, 0x87, 0x40, 0x93, 0x32, 0x00, 0x00, 0x93, 0x36, 0x00, 0x00,
    0x93, 0x3B, 0x00, 0x00, 0x93, 0x36, 0x64, 0x00, 0x93, 0x32, 0x5A, 0x00,
    0x93, 0x2D, 0x55, 0x87, 0x40, 0x93, 0x2D, 0x00, 0x00, 0x93, 0x32, 0x00,
    0x00, 0x93, 0x36, 0x00, 0x00, 0x93, 0x37, 0x64, 0x00, 0x93, 0x32, 0x5A,
    0x00, 0x93, 0x2F, 0x55, 0x87, 0x40, 0x93, 0x2F, 0x00, 0x00, 0x93, 0x32,
    0x00, 0x00, 0x93, 0x37, 0x00, 0x00, 0x93, 0x32, 0x64, 0x00, 0x93, 0x2D,
    0x5A, 0x00, 0x93, 0x2A, 0x55, 0x87, 0x40, 0x93, 0x2A, 0x00, 0x00, 0x93,
    0x2D, 0x00, 0x00, 0x93, 0x32, 0x00, 0x00, 0x93, 0x37, 0x64, 0x00, 0x93,
    0x34, 0x5A, 0x00, 0x93, 0x32, 0x55, 0x87, 0x40, 0x93, 0x32, 0x00, 0x00,
    0x93, 0x34, 0x00, 0x00, 0x93, 0x37, 0x00, 0x00, 0x93, 0x39, 0x64, 0x00,
    0x93, 0x34, 0x5A, 0x00, 0x93, 0x31, 0x55, 0x87, 0x40, 0x93, 0x31, 0x00,
    0x00, 0x93, 0x34, 0x00, 0x00, 0x93, 0x39, 0x00, 0x00, 0x93, 0x3E, 0x64,
    0x00, 0x93, 0x39, 0x5A, 0x00, 0x93, 0x36, 0x55, 0x87, 0x40, 0x93, 0x36,
    0x00, 0x00, 0x93, 0x39, 0x00, 0x00, 0x93, 0x3E, 0x00, 0x00, 0x93, 0x39,
    0x64, 0x00, 0x93, 0x34, 0x5A, 0x00, 0x93, 0x31, 0x55, 0x87, 0x40, 0x93,
    0x31, 0x00, 0x00, 0x93, 0x34, 0x00, 0x00, 0x93, 0x39, 0x00, 0x00, 0x93,
    0x3B, 0x64, 0x00, 0x93, 0x36, 0x5A, 0x00, 0x93, 0x32, 0x55, 0x87, 0x40,
    0x93, 0x32, 0x00, 0x00, 0x93, 0x36, 0x00, 0x00, 0x93, 0x3B, 0x00, 0x00,
    0x93, 0x36, 0x64, 0x00, 0x93, 0x32, 0x5A, 0x00, 0x93, 0x2D, 0x55, 0x87,
    0x40, 0x93, 0x2D, 0x00, 0x00, 0x93, 0x32, 0x00, 0x00, 0x93, 0x36, 0x00,
    0x00, 0x93, 0x37, 0x64, 0x00, 0x93, 0x32, 0x5A, 0x00, 0x93, 0x2F, 0x55,
    0x87, 0x40, 0x93, 0x2F, 0x00, 0x00, 0x93, 0x32, 0x00, 0x00, 0x93, 0x37,
    0x00, 0x00, 0x93, 0x32, 0x64, 0x00, 0x93, 0x2D, 0x5A, 0x00, 0x93, 0x2A,
    0x55, 0x87, 0x40, 0x93, 0x2A, 0x00, 0x00, 0x93, 0x2D, 0x00, 0x00, 0x93,
    0x32, 0x00, 0x00, 0x93, 0x37, 0x64, 0x00, 0x93, 0x34, 0x5A, 0x00, 0x93,
    0x32, 0x55, 0x87, 0x40, 0x93, 0x32, 0x00, 0x00, 0x93, 0x34, 0x00, 0x00,
    0x93, 0x37, 0x00, 0x00, 0x93, 0x39, 0x64, 0x00, 0x93, 0x34, 0x5A, 0x00,
    0x93, 0x31, 0x55, 0x87, 0x40, 0x93, 0x31, 0x00, 0x00, 0x93, 0x34, 0x00,
    0x00, 0x93, 0x39, 0x00, 0x00, 0x93, 0x36, 0x64, 0x00, 0x93, 0x32, 0x5A,
    0x00, 0x93, 0x2D, 0x55, 0x87, 0x40, 0x93, 0x2D, 0x00, 0x00, 0x93, 0x32,
    0x00, 0x00, 0x93, 0x36, 0x00, 0x00, 0x93, 0x39, 0x64, 0x00, 0x93, 0x34,
    0x5A, 0x00, 0x93, 0x31, 0x55, 0x87, 0x40, 0x93, 0x31, 0x00, 0x00, 0x93,
    0x34, 0x00, 0x00, 0x93, 0x39, 0x00, 0x00, 0x93, 0x3B, 0x64, 0x00, 0x93,
    0x36, 0x5A, 0x00, 0x93, 0x32, 0x55, 0x87, 0x40, 0x93, 0x32, 0x00, 0x00,
    0x93, 0x36, 0x00, 0x00, 0x93, 0x3B, 0x00, 0x00, 0x93, 0x36, 0x64, 0x00,
    0x93, 0x32, 0x5A, 0x00, 0x93, 0x2D, 0x55, 0x87, 0x40, 0x93, 0x2D, 0x00,
    0x00, 0x93, 0x32, 0x00, 0x00, 0x93, 0x36, 0x00, 0x00, 0x93, 0x37, 0x64,
    0x00, 0x93, 0x32, 0x5A, 0x00, 0x93, 0x2F, 0x55, 0x87, 0x40, 0x93, 0x2F,
    0x00, 0x00, 0x93, 0x32, 0x00, 0x00, 0x93, 0x37, 0x00, 0x00, 0x93, 0x32,
    0x64, 0x00, 0x93, 0x2D, 0x5A, 0x00, 0x93, 0x2A, 0x55, 0x87, 0x40, 0x93,
    0x2A, 0x00, 0x00, 0x93, 0x2D, 0x00, 0x00, 0x93, 0x32, 0x00, 0x00, 0x93,
    0x37, 0x64, 0x00, 0x93, 0x34, 0x5A, 0x00, 0x93, 0x32, 0x55, 0x87, 0x40,
    0x93, 0x32, 0x00, 0x00, 0x93, 0x34, 0x00, 0x00, 0x93, 0x37, 0x00, 0x00,
    0x93, 0x39, 0x64, 0x00, 0x93, 0x34, 0x5A, 0x00, 0x93, 0x31, 0x55, 0x87,
    0x40, 0x93, 0x31, 0x00, 0x00, 0x93, 0x34, 0x00, 0x00, 0x93, 0x39, 0x00,
    0x00, 0x93, 0x3E, 0x64, 0x00, 0x93, 0x39, 0x5A, 0x00, 0x93, 0x36, 0x55,
    0x87, 0x40, 0x93, 0x36, 0x00, 0x00, 0x93, 0x39, 0x00, 0x00, 0x93, 0x3E,
    0x00, 0x00, 0x93, 0x3D, 0x64, 0x00, 0x93, 0x39, 0x5A, 0x00, 0x93, 0x34,
    0x55, 0x87, 0x40, 0x93, 0x34, 0x00, 0x00, 0x93, 0x39, 0x00, 0x00, 0x93,
    0x3D, 0x00, 0x00, 0x93, 0x3B, 0x64, 0x00, 0x93, 0x36, 0x5A, 0x00, 0x93,
    0x32, 0x55, 0x87, 0x40, 0x93, 0x32, 0x00, 0x00, 0x93, 0x36, 0x00, 0x00,
    0x93, 0x3B, 0x00, 0x00, 0x93, 0x39, 0x64, 0x00, 0x93, 0x36, 0x5A, 0x00,
    0x93, 0x32, 0x55, 0x87, 0x40, 0x93, 0x32, 0x00, 0x00, 0x93, 0x36, 0x00,
    0x00, 0x93, 0x39, 0x00, 0x00, 0x93, 0x37, 0x64, 0x00, 0x93, 0x32, 0x5A,
    0x00, 0x93, 0x2F, 0x55, 0x87, 0x40, 0x93, 0x2F, 0x00, 0x00, 0x93, 0x32,
    0x00, 0x00, 0x93, 0x37, 0x00, 0x00, 0x93, 0x39, 0x64, 0x00, 0x93, 0x36,
    0x5A, 0x00, 0x93, 0x32, 0x55, 0x87, 0x40, 0x93, 0x32, 0x00, 0x00, 0x93,
    0x36, 0x00, 0x00, 0x93, 0x39, 0x00, 0x00, 0x93, 0x3B, 0x64, 0x00, 0x93,
    0x37, 0x5A, 0x00, 0x93, 0x32, 0x55, 0x87, 0x40, 0x93, 0x32, 0x00, 0x00,
    0x93, 0x37, 0x00, 0x00, 0x93, 0x3B, 0x00, 0x00, 0x93, 0x3D, 0x64, 0x00,
    0x93, 0x39, 0x5A, 0x00, 0x93, 0x34, 0x55, 0x87, 0x40, 0x93, 0x34, 0x00,
    0x00, 0x93, 0x39, 0x00, 0x00, 0x93, 0x3D, 0x00, 0x00, 0x93, 0x3E, 0x64,
    0x00, 0x93, 0x39, 0x5A, 0x00, 0x93, 0x36, 0x55, 0x87, 0x40, 0x93, 0x36,
    0x00, 0x00, 0x93, 0x39, 0x00, 0x00, 0x93, 0x3E, 0x00, 0x00, 0x93, 0x3D,
    0x64, 0x00, 0x93, 0x39, 0x5A, 0x00, 0x93, 0x34, 0x55, 0x87, 0x40, 0x93,
    0x34, 0x00, 0x00, 0x93, 0x39, 0x00, 0x00, 0x93, 0x3D, 0x00, 0x00, 0x93,
    0x3B, 0x64, 0x00, 0x93, 0x36, 0x5A, 0x00, 0x93, 0x32, 0x55, 0x87, 0x40,
    0x93, 0x32, 0x00, 0x00, 0x93, 0x36, 0x00, 0x00, 0x93, 0x3B, 0x00, 0x00,
    0x93, 0x39, 0x64, 0x00, 0x93, 0x36, 0x5A, 0x00, 0x93, 0x32, 0x55, 0x87,
    0x40, 0x93, 0x32, 0x00, 0x00, 0x93, 0x36, 0x00, 0x00, 0x93, 0x39, 0x00,
    0x00, 0x93, 0x37, 0x64, 0x00, 0x93, 0x32, 0x5A, 0x00, 0x93, 0x2F, 0x55,
    0x87, 0x40, 0x93, 0x2F, 0x00, 0x00, 0x93, 0x32, 0x00, 0x00, 0x93, 0x37,
    0x00, 0x00, 0x93, 0x36, 0x64, 0x00, 0x93, 0x32, 0x5A, 0x00, 0x93, 0x2D,
    0x55, 0x87, 0x40, 0x93, 0x2D, 0x00, 0x00, 0x93, 0x32, 0x00, 0x00, 0x93,
    0x36, 0x00, 0x00, 0x93, 0x37, 0x64, 0x00, 0x93, 0x32, 0x5A, 0x00, 0x93,
    0x2F, 0x55, 0x87, 0x40, 0x93, 0x2F, 0x00, 0x00, 0x93, 0x32, 0x00, 0x00,
    0x93, 0x37, 0x00, 0x00, 0x93, 0x37, 0x64, 0x00, 0x93, 0x34, 0x5A, 0x00,
    0x93, 0x31, 0x55, 0x87, 0x40, 0x93, 0x31, 0x00, 0x00, 0x93, 0x34, 0x00,
    0x00, 0x93, 0x37, 0x00, 0x00, 0x93, 0x39, 0x64, 0x00, 0x93, 0x36, 0x5A,
    0x87, 0x40, 0x93, 0x36, 0x00, 0x00, 0x93, 0x39, 0x00, 0x00, 0x93, 0x39,
    0x64, 0x00, 0x93, 0x34, 0x5A, 0x87, 0x40, 0x93, 0x34, 0x00, 0x00, 0x93,
    0x39, 0x00, 0x00, 0x93, 0x36, 0x64, 0x00, 0x93, 0x32, 0x5A, 0x87, 0x40,
    0x93, 0x32, 0x00, 0x00, 0x93, 0x36, 0x00, 0x00, 0x93, 0x39, 0x64, 0x00,
    0x93, 0x36, 0x5A, 0x87, 0x40, 0x93, 0x36, 0x00, 0x00, 0x93, 0x39, 0x00,
    0x00, 0x93, 0x32, 0x64, 0x00, 0x93, 0x2F, 0x5A, 0x87, 0x40, 0x93, 0x2F,
    0x00, 0x00, 0x93, 0x32, 0x00, 0x00, 0x93, 0x32, 0x64, 0x00, 0x93, 0x2D,
    0x5A, 0x87, 0x40, 0x93, 0x2D, 0x00, 0x00, 0x93, 0x32, 0x00, 0x00, 0x93,
    0x32, 0x64, 0x00, 0x93, 0x2F, 0x5A, 0x87, 0x40, 0x93, 0x2F, 0x00, 0x00,
    0x93, 0x32, 0x00, 0x00, 0x93, 0x31, 0x64, 0x00, 0x93, 0x2D, 0x5A, 0x00,
    0x93, 0x28, 0x55, 0x87, 0x40, 0x93, 0x28, 0x00, 0x00, 0x93, 0x2D, 0x00,
    0x00, 0x93, 0x31, 0x00, 0x00, 0x93, 0x36, 0x64, 0x00, 0x93, 0x32, 0x5A,
    0x00, 0x93, 0x2D, 0x55, 0x87, 0x40, 0x93, 0x2D, 0x00, 0x00, 0x93, 0x32,
    0x00, 0x00, 0x93, 0x36, 0x00, 0x00, 0x93, 0x34, 0x64, 0x00, 0x93, 0x31,
    0x5A, 0x87, 0x40, 0x93, 0x31, 0x00, 0x00, 0x93, 0x34, 0x00, 0x00, 0x93,
    0x3E, 0x64, 0x00, 0x93, 0x3B, 0x5A, 0x00, 0x93, 0x32, 0x55, 0x87, 0x40,
    0x93, 0x32, 0x00, 0x00, 0x93, 0x3B, 0x00, 0x00, 0x93, 0x3E, 0x00, 0x00,
    0x93, 0x3E, 0x64, 0x00, 0x93, 0x39, 0x5A, 0x87, 0x40, 0x93, 0x39, 0x00,
    0x00, 0x93, 0x3E, 0x00, 0x00, 0x93, 0x3B, 0x64, 0x00, 0x93, 0x37, 0x5A,
    0x00, 0x93, 0x32, 0x55, 0x87, 0x40, 0x93, 0x32, 0x00, 0x00, 0x93, 0x37,
    0x00, 0x00, 0x93, 0x3B, 0x00, 0x00, 0x93, 0x39, 0x64, 0x00, 0x93, 0x36,
    0x5A, 0x87, 0x40, 0x93, 0x36, 0x00, 0x00, 0x93, 0x39, 0x00, 0x00, 0x93,
    0x3B, 0x64, 0x00, 0x93, 0x37, 0x5A, 0x00, 0x93, 0x32, 0x55, 0x87, 0x40,
    0x93, 0x32, 0x00, 0x00, 0x93, 0x37, 0x00, 0x00, 0x93, 0x3B, 0x00, 0x00,
    0x93, 0x3D, 0x64, 0x00, 0x93, 0x39, 0x5A, 0x00, 0x93, 0x34, 0x55, 0x87,
    0x40, 0x93, 0x34, 0x00, 0x00, 0x93, 0x39, 0x00, 0x00, 0x93, 0x3D, 0x00,
    0x00, 0x93, 0x36, 0x64, 0x00, 0x93, 0x32, 0x5A, 0x00, 0x93, 0x2D, 0x55,
    0x87, 0x40, 0x93, 0x2D, 0x00, 0x00, 0x93, 0x32, 0x00, 0x00, 0x93, 0x36,
    0x00, 0x00, 0x93, 0x31, 0x64, 0x00, 0x93, 0x2D, 0x5A, 0x00, 0x93, 0x28,
    0x55, 0x87, 0x40, 0x93, 0x28, 0x00, 0x00, 0x93, 0x2D, 0x00, 0x00, 0x93,
    0x31, 0x00, 0x00, 0x93, 0x32, 0x64, 0x00, 0x93, 0x2F, 0x5A, 0x00, 0x93,
    0x2A, 0x55, 0x87, 0x40, 0x93, 0x2A, 0x00, 0x00, 0x93, 0x2F, 0x00, 0x00,
    0x93, 0x32, 0x00, 0x00, 0x93, 0x31, 0x64, 0x00, 0x93, 0x2D, 0x5A, 0x00,
    0x93, 0x2A, 0x55, 0x87, 0x40, 0x93, 0x2A, 0x00, 0x00, 0x93, 0x2D, 0x00,
    0x00, 0x93, 0x31, 0x00, 0x00, 0x93, 0x32, 0x64, 0x00, 0x93, 0x2F, 0x5A,
    0x00, 0x93, 0x2B, 0x55, 0x87, 0x40, 0x93, 0x2B, 0x00, 0x00, 0x93, 0x2F,
    0x00, 0x00, 0x93, 0x32, 0x00, 0x00, 0x93, 0x36, 0x64, 0x00, 0x93, 0x32,
    0x5A, 0x00, 0x93, 0x2D, 0x55, 0x87, 0x40, 0x93, 0x2D, 0x00, 0x00, 0x93,
    0x32, 0x00, 0x00, 0x93, 0x36, 0x00, 0x00, 0x93, 0x3B, 0x64, 0x00, 0x93,
    0x37, 0x5A, 0x00, 0x93, 0x32, 0x55, 0x87, 0x40, 0x93, 0x32, 0x00, 0x00,
    0x93, 0x37, 0x00, 0x00, 0x93, 0x3B, 0x00, 0x00, 0x93, 0x34, 0x64, 0x00,
    0x93, 0x39, 0x5A, 0x00, 0x93, 0x3E, 0x55, 0x81, 0x70, 0x93, 0x34, 0x00,
    0x00, 0x93, 0x3B, 0x5F, 0x81, 0x70, 0x93, 0x3B, 0x00, 0x00, 0x93, 0x3E,
    0x00, 0x00, 0x93, 0x39, 0x00, 0x00, 0x93, 0x39, 0x64, 0x00, 0x93, 0x3D,
    0x5A, 0x81, 0x70, 0x93, 0x39, 0x00, 0x00, 0x93, 0x37, 0x5F, 0x81, 0x70,
    0x93, 0x37, 0x00, 0x00, 0x93, 0x3D, 0x00, 0x00, 0x93, 0x3E, 0x64, 0x00,
    0x93, 0x39, 0x5A, 0x00, 0x93, 0x36, 0x55, 0x8E, 0x08, 0x93, 0x36, 0x00,
    0x00, 0x93, 0x39, 0x00, 0x00, 0x93, 0x3E, 0x00, 0x00, 0xFF, 0x2F, 0x00,
    0x4D, 0x54, 0x72, 0x6B, 0x00, 0x00, 0x05, 0x9F, 0x00, 0xFF, 0x7F, 0x04,
    0x43, 0x00, 0x01, 0x00, 0x00, 0xFF, 0x03, 0x24, 0x48, 0x61, 0x72, 0x70,
    0x73, 0x69, 0x63, 0x68, 0x6F, 0x72, 0x64, 0x33, 0x20, 0x20, 0x20, 0x20,
    0x20, 0x20, 0x20, 0x20, 0x20, 0x20, 0x20, 0x20, 0x20, 0x20, 0x20, 0x20,
    0x20, 0x20, 0x20, 0x20, 0x20, 0x20, 0x20, 0x20, 0x00, 0xFF, 0x21, 0x01,
    0x00, 0x87, 0x5E, 0xB4, 0x00, 0x00, 0x0A, 0xB4, 0x20, 0x00, 0x0A, 0xC4,
    0x06, 0x0A, 0xB4, 0x07, 0x64, 0x0A, 0xB4, 0x0B, 0x6E, 0x0A, 0xB4, 0x0A,
    0x28, 0x0A, 0xB4, 0x5B, 0x50, 0x0A, 0xB4, 0x5D, 0x00, 0x0A, 0xB4, 0x5E,
    0x00, 0x0A, 0xB4, 0x65, 0x00, 0x0A, 0xB4, 0x64, 0x00, 0x0A, 0xB4, 0x06,
    0x0C, 0x82, 0xB4, 0x24, 0x94, 0x42, 0x64, 0x78, 0x94, 0x42, 0x00, 0x78,
    0x94, 0x45, 0x5F, 0x78, 0x94, 0x45, 0x00, 0x78, 0x94, 0x4A, 0x5A, 0x78,
    0x94, 0x4A, 0x00, 0x82, 0x68, 0x94, 0x40, 0x64, 0x78, 0x94, 0x40, 0x00,
    0x78, 0x94, 0x45, 0x5F, 0x78, 0x94, 0x45, 0x00, 0x78, 0x94, 0x49, 0x5A,
    0x78, 0x94, 0x49, 0x00, 0x82, 0x68, 0x94, 0x3E, 0x64, 0x78, 0x94, 0x3E,
    0x00, 0x78, 0x94, 0x42, 0x5F, 0x78, 0x94, 0x42, 0x00, 0x78, 0x94, 0x47,
    0x5A, 0x78, 0x94, 0x47, 0x00, 0x82, 0x68, 0x94, 0x3D, 0x64, 0x78, 0x94,
    0x3D, 0x00, 0x78, 0x94, 0x42, 0x5F, 0x78, 0x94, 0x42, 0x00, 0x78, 0x94,
    0x45, 0x5A, 0x78, 0x94, 0x45, 0x00, 0x82, 0x68, 0x94, 0x3B, 0x64, 0x78,
    0x94, 0x3B, 0x00, 0x78, 0x94, 0x3E, 0x5F, 0x78, 0x94, 0x3E, 0x00, 0x78,
    0x94, 0x43, 0x5A, 0x78, 0x94, 0x43, 0x00, 0x82, 0x68, 0x94, 0x3E, 0x64,
    0x78, 0x94, 0x3E, 0x00, 0x78, 0x94, 0x42, 0x5F, 0x78, 0x94, 0x42, 0x00,
    0x78, 0x94, 0x45, 0x5A, 0x78, 0x94, 0x45, 0x00, 0x82, 0x68, 0x94, 0x40,
    0x64, 0x78, 0x94, 0x40, 0x00, 0x78, 0x94, 0x47, 0x5F, 0x78, 0x94, 0x47,
    0x00, 0x78, 0x94, 0x4A, 0x5A, 0x78, 0x94, 0x4A, 0x00, 0x82, 0x68, 0x94,
    0x40, 0x64, 0x78, 0x94, 0x40, 0x00, 0x78, 0x94, 0x45, 0x5F, 0x78, 0x94,
    0x45, 0x00, 0x78, 0x94, 0x49, 0x5A, 0x78, 0x94, 0x49, 0x00, 0x82, 0x68,
    0x94, 0x42, 0x64, 0x78, 0x94, 0x42, 0x00, 0x78, 0x94, 0x45, 0x5F, 0x78,
    0x94, 0x45, 0x00, 0x78, 0x94, 0x4A, 0x5A, 0x78, 0x94, 0x4A, 0x00, 0x82,
    0x68, 0x94, 0x40, 0x64, 0x78, 0x94, 0x40, 0x00, 0x78, 0x94, 0x45, 0x5F,
    0x78, 0x94, 0x45, 0x00, 0x78, 0x94, 0x49, 0x5A, 0x78, 0x94, 0x49, 0x00,
    0x82, 0x68, 0x94, 0x3E, 0x64, 0x78, 0x94, 0x3E, 0x00, 0x78, 0x94, 0x42,
    0x5F, 0x78, 0x94, 0x42, 0x00, 0x78, 0x94, 0x47, 0x5A, 0x78, 0x94, 0x47,
    0x00, 0x82, 0x68, 0x94, 0x3D, 0x64, 0x78, 0x94, 0x3D, 0x00, 0x78, 0x94,
    0x42, 0x5F, 0x78, 0x94, 0x42, 0x00, 0x78, 0x94, 0x45, 0x5A, 0x78, 0x94,
    0x45, 0x00, 0x82, 0x68, 0x94, 0x3B, 0x64, 0x78, 0x94, 0x3B, 0x00, 0x78,
    0x94, 0x3E, 0x5F, 0x78, 0x94, 0x3E, 0x00, 0x78, 0x94, 0x43, 0x5A, 0x78,
    0x94, 0x43, 0x00, 0x82, 0x68, 0x94, 0x39, 0x64, 0x78, 0x94, 0x39, 0x00,
    0x78, 0x94, 0x3E, 0x5F, 0x78, 0x94, 0x3E, 0x00, 0x78, 0x94, 0x42, 0x5A,
    0x78, 0x94, 0x42, 0x00, 0x82, 0x68, 0x94, 0x3B, 0x64, 0x78, 0x94, 0x3B,
    0x00, 0x78, 0x94, 0x3E, 0x5F, 0x78, 0x94, 0x3E, 0x00, 0x78, 0x94, 0x43,
    0x5A, 0x78, 0x94, 0x43, 0x00, 0x82, 0x68, 0x94, 0x3D, 0x64, 0x78, 0x94,
    0x3D, 0x00, 0x78, 0x94, 0x40, 0x5F, 0x78, 0x94, 0x40, 0x00, 0x78, 0x94,
    0x45, 0x5A, 0x78, 0x94, 0x45, 0x00, 0x82, 0x68, 0x94, 0x39, 0x5F, 0x78,
    0x94, 0x39, 0x00, 0x78, 0x94, 0x3E, 0x64, 0x83, 0x60, 0x94, 0x3E, 0x00,
    0x81, 0x70, 0x94, 0x34, 0x5F, 0x78, 0x94, 0x34, 0x00, 0x78, 0x94, 0x39,
    0x64, 0x83, 0x60, 0x94, 0x39, 0x00, 0x81, 0x70, 0x94, 0x36, 0x5F, 0x78,
    0x94, 0x36, 0x00, 0x78, 0x94, 0x3B, 0x64, 0x83, 0x60, 0x94, 0x3B, 0x00,
    0x81, 0x70, 0x94, 0x32, 0x5F, 0x78, 0x94, 0x32, 0x00, 0x78, 0x94, 0x36,
    0x64, 0x83, 0x60, 0x94, 0x36, 0x00, 0x81, 0x70, 0x94, 0x32, 0x5F, 0x78,
    0x94, 0x32, 0x00, 0x78, 0x94, 0x37, 0x64, 0x83, 0x60, 0x94, 0x37, 0x00,
    0x81, 0x70, 0x94, 0x2D, 0x5F, 0x78, 0x94, 0x2D, 0x00, 0x78, 0x94, 0x32,
    0x64, 0x83, 0x60, 0x94, 0x32, 0x00, 0x81, 0x70, 0x94, 0x32, 0x5F, 0x78,
    0x94, 0x32, 0x00, 0x78, 0x94, 0x37, 0x64, 0x83, 0x60, 0x94, 0x37, 0x00,
    0x81, 0x70, 0x94, 0x34, 0x5F, 0x78, 0x94, 0x34, 0x00, 0x78, 0x94, 0x39,
    0x64, 0x83, 0x60, 0x94, 0x39, 0x00, 0x81, 0x70, 0x94, 0x39, 0x5F, 0x78,
    0x94, 0x39, 0x00, 0x78, 0x94, 0x3E, 0x64, 0x83, 0x60, 0x94, 0x3E, 0x00,
    0x81, 0x70, 0x94, 0x34, 0x5F, 0x78, 0x94, 0x34, 0x00, 0x78, 0x94, 0x39,
    0x64, 0x83, 0x60, 0x94, 0x39, 0x00, 0x81, 0x70, 0x94, 0x36, 0x5F, 0x78,
    0x94, 0x36, 0x00, 0x78, 0x94, 0x3B, 0x64, 0x83, 0x60, 0x94, 0x3B, 0x00,
    0x81, 0x70, 0x94, 0x2D, 0x5F, 0x78, 0x94, 0x2D, 0x00, 0x78, 0x94, 0x32,
    0x64, 0x83, 0x60, 0x94, 0x32, 0x00, 0x81, 0x70, 0x94, 0x32, 0x5F, 0x78,
    0x94, 0x32, 0x00, 0x78, 0x94, 0x37, 0x64, 0x83, 0x60, 0x94, 0x37, 0x00,
    0x81, 0x70, 0x94, 0x2D, 0x5F, 0x78, 0x94, 0x2D, 0x00, 0x78, 0x94, 0x32,
    0x64, 0x83, 0x60, 0x94, 0x32, 0x00, 0x81, 0x70, 0x94, 0x32, 0x5F, 0x78,
    0x94, 0x32, 0x00, 0x78, 0x94, 0x37, 0x64, 0x83, 0x60, 0x94, 0x37, 0x00,
    0x81, 0x70, 0x94, 0x34, 0x5F, 0x78, 0x94, 0x34, 0x00, 0x78, 0x94, 0x39,
    0x64, 0x83, 0x60, 0x94, 0x39, 0x00, 0xF9, 0x70, 0x94, 0x36, 0x5F, 0x78,
    0x94, 0x36, 0x00, 0x78, 0x94, 0x39, 0x64, 0x83, 0x60, 0x94, 0x39, 0x00,
    0x81, 0x70, 0x94, 0x31, 0x5F, 0x78, 0x94, 0x31, 0x00, 0x78, 0x94, 0x34,
    0x64, 0x83, 0x60, 0x94, 0x34, 0x00, 0x81, 0x70, 0x94, 0x36, 0x5F, 0x78,
    0x94, 0x36, 0x00, 0x78, 0x94, 0x3B, 0x64, 0x83, 0x60, 0x94, 0x3B, 0x00,
    0x81, 0x70, 0x94, 0x31, 0x5F, 0x78, 0x94, 0x31, 0x00, 0x78, 0x94, 0x36,
    0x64, 0x83, 0x60, 0x94, 0x36, 0x00, 0x81, 0x70, 0x94, 0x32, 0x5F, 0x78,
    0x94, 0x32, 0x00, 0x78, 0x94, 0x37, 0x64, 0x83, 0x60, 0x94, 0x37, 0x00,
    0x81, 0x70, 0x94, 0x2D, 0x5F, 0x78, 0x94, 0x2D, 0x00, 0x78, 0x94, 0x32,
    0x64, 0x83, 0x60, 0x94, 0x32, 0x00, 0x81, 0x70, 0x94, 0x32, 0x64, 0x78,
    0x94, 0x32, 0x00, 0x78, 0x94, 0x34, 0x5F, 0x78, 0x94, 0x34, 0x00, 0x78,
    0x94, 0x37, 0x5A, 0x78, 0x94, 0x37, 0x00, 0x82, 0x68, 0x94, 0x34, 0x5F,
    0x78, 0x94, 0x34, 0x00, 0x78, 0x94, 0x39, 0x64, 0x83, 0x60, 0x94, 0x39,
    0x00, 0x87, 0x40, 0x94, 0x40, 0x5F, 0x87, 0x40, 0x94, 0x40, 0x00, 0x00,
    0x94, 0x3E, 0x64, 0x87, 0x40, 0x94, 0x3E, 0x00, 0x00, 0x94, 0x3E, 0x5F,
    0x87, 0x40, 0x94, 0x3E, 0x00, 0x00, 0x94, 0x3B, 0x64, 0x87, 0x40, 0x94,
    0x3B, 0x00, 0x00, 0x94, 0x39, 0x5F, 0x87, 0x40, 0x94, 0x39, 0x00, 0x00,
    0x94, 0x3B, 0x64, 0x87, 0x40, 0x94, 0x3B, 0x00, 0x00, 0x94, 0x3D, 0x5F,
    0x87, 0x40, 0x94, 0x3D, 0x00, 0x00, 0x94, 0x3E, 0x64, 0x87, 0x40, 0x94,
    0x3E, 0x00, 0x00, 0x94, 0x40, 0x5F, 0x87, 0x40, 0x94, 0x40, 0x00, 0x00,
    0x94, 0x3E, 0x64, 0x87, 0x40, 0x94, 0x3E, 0x00, 0x00, 0x94, 0x3E, 0x5F,
    0x87, 0x40, 0x94, 0x3E, 0x00, 0x00, 0x94, 0x3B, 0x64, 0x87, 0x40, 0x94,
    0x3B, 0x00, 0x00, 0x94, 0x39, 0x5F, 0x87, 0x40, 0x94, 0x39, 0x00, 0x00,
    0x94, 0x37, 0x5A, 0x87, 0x40, 0x94, 0x37, 0x00, 0x87, 0x40, 0x94, 0x3E,
    0x5F, 0x83, 0x60, 0x94, 0x3E, 0x00, 0x00, 0x94, 0x3E, 0x64, 0x87, 0x40,
    0x94, 0x3E, 0x00, 0x00, 0x94, 0x3D, 0x64, 0x87, 0x40, 0x94, 0x3D, 0x00,
    0x00, 0x94, 0x3B, 0x64, 0x87, 0x40, 0x94, 0x3B, 0x00, 0x00, 0x94, 0x39,
    0x64, 0x87, 0x40, 0x94, 0x39, 0x00, 0x00, 0x94, 0x37, 0x64, 0x87, 0x40,
    0x94, 0x37, 0x00, 0x00, 0x94, 0x36, 0x64, 0x89, 0x30, 0x94, 0x36, 0x00,
    0x00, 0x94, 0x34, 0x5F, 0x81, 0x70, 0x94, 0x34, 0x00, 0x00, 0x94, 0x34,
    0x5F, 0x87, 0x40, 0x94, 0x34, 0x00, 0x00, 0x94, 0x32, 0x64, 0x87, 0x40,
    0x94, 0x32, 0x00, 0x00, 0x94, 0x39, 0x5F, 0x85, 0x50, 0x94, 0x39, 0x00,
    0x00, 0x94, 0x37, 0x5F, 0x81, 0x70, 0x94, 0x37, 0x00, 0x00, 0x94, 0x36,
    0x64, 0x87, 0x40, 0x94, 0x36, 0x00, 0x00, 0x94, 0x42, 0x5F, 0x85, 0x50,
    0x94, 0x42, 0x00, 0x00, 0x94, 0x40, 0x5F, 0x81, 0x70, 0x94, 0x40, 0x00,
    0x00, 0x94, 0x3E, 0x64, 0x8B, 0x20, 0x94, 0x3E, 0x00, 0x00, 0x94, 0x3E,
    0x5F, 0x83, 0x60, 0x94, 0x3E, 0x00, 0x00, 0x94, 0x3E, 0x64, 0x87, 0x40,
    0x94, 0x3E, 0x00, 0x00, 0x94, 0x3D, 0x5F, 0x87, 0x40, 0x94, 0x3D, 0x00,
    0x00, 0x94, 0x39, 0x64, 0x00, 0x94, 0x36, 0x5A, 0x87, 0x40, 0x94, 0x36,
    0x00, 0x00, 0x94, 0x39, 0x00, 0x00, 0x94, 0x39, 0x5F, 0x00, 0x94, 0x31,
    0x55, 0x87, 0x40, 0x94, 0x31, 0x00, 0x00, 0x94, 0x39, 0x00, 0x00, 0x94,
    0x36, 0x64, 0x00, 0x94, 0x32, 0x5A, 0x87, 0x40, 0x94, 0x32, 0x00, 0x00,
    0x94, 0x36, 0x00, 0x00, 0x94, 0x36, 0x5F, 0x00, 0x94, 0x2D, 0x55, 0x87,
    0x40, 0x94, 0x2D, 0x00, 0x00, 0x94, 0x36, 0x00, 0x00, 0x94, 0x3B, 0x64,
    0x00, 0x94, 0x32, 0x5A, 0x87, 0x40, 0x94, 0x32, 0x00, 0x00, 0x94, 0x3B,
    0x00, 0x00, 0x94, 0x39, 0x5F, 0x00, 0x94, 0x36, 0x55, 0x87, 0x40, 0x94,
    0x36, 0x00, 0x00, 0x94, 0x39, 0x00, 0x00, 0x94, 0x3B, 0x64, 0x00, 0x94,
    0x37, 0x5A, 0x83, 0x60, 0x94, 0x37, 0x00, 0x00, 0x94, 0x3B, 0x00, 0x00,
    0x94, 0x3E, 0x5F, 0x00, 0x94, 0x37, 0x55, 0x83, 0x60, 0x94, 0x37, 0x00,
    0x00, 0x94, 0x3E, 0x00, 0x00, 0x94, 0x3E, 0x64, 0x00, 0x94, 0x39, 0x5A,
    0x83, 0x60, 0x94, 0x39, 0x00, 0x00, 0x94, 0x3E, 0x00, 0x00, 0x94, 0x3D,
    0x5F, 0x00, 0x94, 0x39, 0x55, 0x83, 0x60, 0x94, 0x39, 0x00, 0x00, 0x94,
    0x3D, 0x00, 0x00, 0x94, 0x3E, 0x64, 0x00, 0x94, 0x39, 0x5A, 0x00, 0x94,
    0x36, 0x55, 0x8E, 0x08, 0x94, 0x36, 0x00, 0x00, 0x94, 0x39, 0x00, 0x00,
    0x94, 0x3E, 0x00, 0x00, 0xFF, 0x2F, 0x00, 0x4D, 0x54, 0x72, 0x6B, 0x00,
    0x00, 0x05, 0xAB, 0x00, 0xFF, 0x7F, 0x04, 0x43, 0x00, 0x01, 0x00, 0x00,
    0xFF, 0x03, 0x24, 0x43, 0x68, 0x75, 0x72, 0x63, 0x68, 0x6F, 0x72, 0x67,
    0x61, 0x6E, 0x20, 0x20, 0x20, 0x20, 0x20, 0x20, 0x20, 0x20, 0x20, 0x20,
    0x20, 0x20, 0x20, 0x20, 0x20, 0x20, 0x20, 0x20, 0x20, 0x20, 0x20, 0x20,
    0x20, 0x20, 0x20, 0x00, 0xFF, 0x21, 0x01, 0x00, 0x87, 0x68, 0xB5, 0x00,
    0x00, 0x0A, 0xB5, 0x20, 0x00, 0x0A, 0xC5, 0x13, 0x0A, 0xB5, 0x07, 0x64,
    0x0A, 0xB5, 0x0B, 0x6E, 0x0A, 0xB5, 0x0A, 0x40, 0x0A, 0xB5, 0x5B, 0x78,
    0x0A, 0xB5, 0x5D, 0x00, 0x0A, 0xB5, 0x5E, 0x00, 0x0A, 0xB5, 0x65, 0x00,
    0x0A, 0xB5, 0x64, 0x00, 0x0A, 0xB5, 0x06, 0x0C, 0x86, 0x2A, 0x95, 0x32,
    0x64, 0x87, 0x40, 0x95, 0x32, 0x00, 0x00, 0x95, 0x2D, 0x5F, 0x87, 0x40,
    0x95, 0x2D, 0x00, 0x00, 0x95, 0x2F, 0x64, 0x87, 0x40, 0x95, 0x2F, 0x00,
    0x00, 0x95, 0x2A, 0x5F, 0x87, 0x40, 0x95, 0x2A, 0x00, 0x00, 0x95, 0x2B,
    0x64, 0x87, 0x40, 0x95, 0x2B, 0x00, 0x00, 0x95, 0x26, 0x5F, 0x87, 0x40,
    0x95, 0x26, 0x00, 0x00, 0x95, 0x2B, 0x64, 0x87, 0x40, 0x95, 0x2B, 0x00,
    0x00, 0x95, 0x2D, 0x5A, 0x87, 0x40, 0x95, 0x2D, 0x00, 0x00, 0x95, 0x32,
    0x64, 0x87, 0x40, 0x95, 0x32, 0x00, 0x00, 0x95, 0x2D, 0x5F, 0x87, 0x40,
    0x95, 0x2D, 0x00, 0x00, 0x95, 0x2F, 0x64, 0x87, 0x40, 0x95, 0x2F, 0x00,
    0x00, 0x95, 0x2A, 0x5F, 0x87, 0x40, 0x95, 0x2A, 0x00, 0x00, 0x95, 0x2B,
    0x64, 0x87, 0x40, 0x95, 0x2B, 0x00, 0x00, 0x95, 0x26, 0x5F, 0x87, 0x40,
    0x95, 0x26, 0x00, 0x00, 0x95, 0x2B, 0x64, 0x87, 0x40, 0x95, 0x2B, 0x00,
    0x00, 0x95, 0x2D, 0x5A, 0x87, 0x40, 0x95, 0x2D, 0x00, 0x00, 0x95, 0x32,
    0x64, 0x87, 0x40, 0x95, 0x32, 0x00, 0x00, 0x95, 0x2D, 0x5F, 0x87, 0x40,
    0x95, 0x2D, 0x00, 0x00, 0x95, 0x2F, 0x64, 0x87, 0x40, 0x95, 0x2F, 0x00,
    0x00, 0x95, 0x2A, 0x5F, 0x87, 0x40, 0x95, 0x2A, 0x00, 0x00, 0x95, 0x2B,
    0x64, 0x87, 0x40, 0x95, 0x2B, 0x00, 0x00, 0x95, 0x26, 0x5F, 0x87, 0x40,
    0x95, 0x26, 0x00, 0x00, 0x95, 0x2B, 0x64, 0x87, 0x40, 0x95, 0x2B, 0x00,
    0x00, 0x95, 0x2D, 0x5A, 0x87, 0x40, 0x95, 0x2D, 0x00, 0x00, 0x95, 0x32,
    0x64, 0x87, 0x40, 0x95, 0x32, 0x00, 0x00, 0x95, 0x2D, 0x5F, 0x87, 0x40,
    0x95, 0x2D, 0x00, 0x00, 0x95, 0x2F, 0x64, 0x87, 0x40, 0x95, 0x2F, 0x00,
    0x00, 0x95, 0x2A, 0x5F, 0x87, 0x40, 0x95, 0x2A, 0x00, 0x00, 0x95, 0x2B,
    0x64, 0x87, 0x40, 0x95, 0x2B, 0x00, 0x00, 0x95, 0x26, 0x5F, 0x87, 0x40,
    0x95, 0x26, 0x00, 0x00, 0x95, 0x2B, 0x64, 0x87, 0x40, 0x95, 0x2B, 0x00,
    0x00, 0x95, 0x2D, 0x5A, 0x87, 0x40, 0x95, 0x2D, 0x00, 0x00, 0x95, 0x32,
    0x64, 0x87, 0x40, 0x95, 0x32, 0x00, 0x00, 0x95, 0x2D, 0x5F, 0x87, 0x40,
    0x95, 0x2D, 0x00, 0x00, 0x95, 0x2F, 0x64, 0x87, 0x40, 0x95, 0x2F, 0x00,
    0x00, 0x95, 0x2A, 0x5F, 0x87, 0x40, 0x95, 0x2A, 0x00, 0x00, 0x95, 0x2B,
    0x64, 0x87, 0x40, 0x95, 0x2B, 0x00, 0x00, 0x95, 0x26, 0x5F, 0x87, 0x40,
    0x95, 0x26, 0x00, 0x00, 0x95, 0x2B, 0x64, 0x87, 0x40, 0x95, 0x2B, 0x00,
    0x00, 0x95, 0x2D, 0x5A, 0x87, 0x40, 0x95, 0x2D, 0x00, 0x00, 0x95, 0x32,
    0x64, 0x87, 0x40, 0x95, 0x32, 0x00, 0x00, 0x95, 0x2D, 0x5F, 0x87, 0x40,
    0x95, 0x2D, 0x00, 0x00, 0x95, 0x2F, 0x64, 0x87, 0x40, 0x95, 0x2F, 0x00,
    0x00, 0x95, 0x2A, 0x5F, 0x87, 0x40, 0x95, 0x2A, 0x00, 0x00, 0x95, 0x2B,
    0x64, 0x87, 0x40, 0x95, 0x2B, 0x00, 0x00, 0x95, 0x26, 0x5F, 0x87, 0x40,
    0x95, 0x26, 0x00, 0x00, 0x95, 0x2B, 0x64, 0x87, 0x40, 0x95, 0x2B, 0x00,
    0x00, 0x95, 0x2D, 0x5A, 0x87, 0x40, 0x95, 0x2D, 0x00, 0x00, 0x95, 0x32,
    0x64, 0x87, 0x40, 0x95, 0x32, 0x00, 0x00, 0x95, 0x2D, 0x5F, 0x87, 0x40,
    0x95, 0x2D, 0x00, 0x00, 0x95, 0x2F, 0x64, 0x87, 0x40, 0x95, 0x2F, 0x00,
    0x00, 0x95, 0x2A, 0x5F, 0x87, 0x40, 0x95, 0x2A, 0x00, 0x00, 0x95, 0x2B,
    0x64, 0x87, 0x40, 0x95, 0x2B, 0x00, 0x00, 0x95, 0x26, 0x5F, 0x87, 0x40,
    0x95, 0x26, 0x00, 0x00, 0x95, 0x2B, 0x64, 0x87, 0x40, 0x95, 0x2B, 0x00,
    0x00, 0x95, 0x2D, 0x5A, 0x87, 0x40, 0x95, 0x2D, 0x00, 0x00, 0x95, 0x32,
    0x64, 0x87, 0x40, 0x95, 0x32, 0x00, 0x00, 0x95, 0x2D, 0x5F, 0x87, 0x40,
    0x95, 0x2D, 0x00, 0x00, 0x95, 0x2F, 0x64, 0x87, 0x40, 0x95, 0x2F, 0x00,
    0x00, 0x95, 0x2A, 0x5F, 0x87, 0x40, 0x95, 0x2A, 0x00, 0x00, 0x95, 0x2B,
    0x64, 0x87, 0x40, 0x95, 0x2B, 0x00, 0x00, 0x95, 0x26, 0x5F, 0x87, 0x40,
    0x95, 0x26, 0x00, 0x00, 0x95, 0x2B, 0x64, 0x87, 0x40, 0x95, 0x2B, 0x00,
    0x00, 0x95, 0x2D, 0x5A, 0x87, 0x40, 0x95, 0x2D, 0x00, 0x00, 0x95, 0x32,
    0x64, 0x87, 0x40, 0x95, 0x32, 0x00, 0x00, 0x95, 0x2D, 0x5F, 0x87, 0x40,
    0x95, 0x2D, 0x00, 0x00, 0x95, 0x2F, 0x64, 0x87, 0x40, 0x95, 0x2F, 0x00,
    0x00, 0x95, 0x2A, 0x5F, 0x87, 0x40, 0x95, 0x2A, 0x00, 0x00, 0x95, 0x2B,
    0x64, 0x87, 0x40, 0x95, 0x2B, 0x00, 0x00, 0x95, 0x26, 0x5F, 0x87, 0x40,
    0x95, 0x26, 0x00, 0x00, 0x95, 0x2B, 0x64, 0x87, 0x40, 0x95, 0x2B, 0x00,
    0x00, 0x95, 0x2D, 0x5A, 0x87, 0x40, 0x95, 0x2D, 0x00, 0x00, 0x95, 0x32,
    0x64, 0x87, 0x40, 0x95, 0x32, 0x00, 0x00, 0x95, 0x2D, 0x5F, 0x87, 0x40,
    0x95, 0x2D, 0x00, 0x00, 0x95, 0x2F, 0x64, 0x87, 0x40, 0x95, 0x2F, 0x00,
    0x00, 0x95, 0x2A, 0x5F, 0x87, 0x40, 0x95, 0x2A, 0x00, 0x00, 0x95, 0x2B,
    0x64, 0x87, 0x40, 0x95, 0x2B, 0x00, 0x00, 0x95, 0x26, 0x5F, 0x87, 0x40,
    0x95, 0x26, 0x00, 0x00, 0x95, 0x2B, 0x64, 0x87, 0x40, 0x95, 0x2B, 0x00,
    0x00, 0x95, 0x2D, 0x5A, 0x87, 0x40, 0x95, 0x2D, 0x00, 0x00, 0x95, 0x32,
    0x64, 0x87, 0x40, 0x95, 0x32, 0x00, 0x00, 0x95, 0x2D, 0x5F, 0x87, 0x40,
    0x95, 0x2D, 0x00, 0x00, 0x95, 0x2F, 0x64, 0x87, 0x40, 0x95, 0x2F, 0x00,
    0x00, 0x95, 0x2A, 0x5F, 0x87, 0x40, 0x95, 0x2A, 0x00, 0x00, 0x95, 0x2B,
    0x64, 0x87, 0x40, 0x95, 0x2B, 0x00, 0x00, 0x95, 0x26, 0x5F, 0x87, 0x40,
    0x95, 0x26, 0x00, 0x00, 0x95, 0x2B, 0x64, 0x87, 0x40, 0x95, 0x2B, 0x00,
    0x00, 0x95, 0x2D, 0x5A, 0x87, 0x40, 0x95, 0x2D, 0x00, 0x00, 0x95, 0x32,
    0x64, 0x87, 0x40, 0x95, 0x32, 0x00, 0x00, 0x95, 0x2D, 0x5F, 0x87, 0x40,
    0x95, 0x2D, 0x00, 0x00, 0x95, 0x2F, 0x64, 0x87, 0x40, 0x95, 0x2F, 0x00,
    0x00, 0x95, 0x2A, 0x5F, 0x87, 0x40, 0x95, 0x2A, 0x00, 0x00, 0x95, 0x2B,
    0x64, 0x87, 0x40, 0x95, 0x2B, 0x00, 0x00, 0x95, 0x26, 0x5F, 0x87, 0x40,
    0x95, 0x26, 0x00, 0x00, 0x95, 0x2B, 0x64, 0x87, 0x40, 0x95, 0x2B, 0x00,
    0x00, 0x95, 0x2D, 0x5A, 0x87, 0x40, 0x95, 0x2D, 0x00, 0x00, 0x95, 0x32,
    0x64, 0x87, 0x40, 0x95, 0x32, 0x00, 0x00, 0x95, 0x2D, 0x5F, 0x87, 0x40,
    0x95, 0x2D, 0x00, 0x00, 0x95, 0x2F, 0x64, 0x87, 0x40, 0x95, 0x2F, 0x00,
    0x00, 0x95, 0x2A, 0x5F, 0x87, 0x40, 0x95, 0x2A, 0x00, 0x00, 0x95, 0x2B,
    0x64, 0x87, 0x40, 0x95, 0x2B, 0x00, 0x00, 0x95, 0x26, 0x5F, 0x87, 0x40,
    0x95, 0x26, 0x00, 0x00, 0x95, 0x2B, 0x64, 0x87, 0x40, 0x95, 0x2B, 0x00,
    0x00, 0x95, 0x2D, 0x5A, 0x87, 0x40, 0x95, 0x2D, 0x00, 0x00, 0x95, 0x32,
    0x64, 0x87, 0x40, 0x95, 0x32, 0x00, 0x00, 0x95, 0x2D, 0x5F, 0x87, 0x40,
    0x95, 0x2D, 0x00, 0x00, 0x95, 0x2F, 0x64, 0x87, 0x40, 0x95, 0x2F, 0x00,
    0x00, 0x95, 0x2A, 0x5F, 0x87, 0x40, 0x95, 0x2A, 0x00, 0x00, 0x95, 0x2B,
    0x64, 0x87, 0x40, 0x95, 0x2B, 0x00, 0x00, 0x95, 0x26, 0x5F, 0x87, 0x40,
    0x95, 0x26, 0x00, 0x00, 0x95, 0x2B, 0x64, 0x87, 0x40, 0x95, 0x2B, 0x00,
    0x00, 0x95, 0x2D, 0x5A, 0x87, 0x40, 0x95, 0x2D, 0x00, 0x00, 0x95, 0x32,
    0x64, 0x87, 0x40, 0x95, 0x32, 0x00, 0x00, 0x95, 0x2D, 0x5F, 0x87, 0x40,
    0x95, 0x2D, 0x00, 0x00, 0x95, 0x2F, 0x64, 0x87, 0x40, 0x95, 0x2F, 0x00,
    0x00, 0x95, 0x2A, 0x5F, 0x87, 0x40, 0x95, 0x2A, 0x00, 0x00, 0x95, 0x2B,
    0x64, 0x87, 0x40, 0x95, 0x2B, 0x00, 0x00, 0x95, 0x26, 0x5F, 0x87, 0x40,
    0x95, 0x26, 0x00, 0x00, 0x95, 0x1F, 0x64, 0x87, 0x40, 0x95, 0x1F, 0x00,
    0x00, 0x95, 0x21, 0x5A, 0x87, 0x40, 0x95, 0x21, 0x00, 0x00, 0x95, 0x26,
    0x64, 0x87, 0x40, 0x95, 0x26, 0x00, 0x00, 0x95, 0x2D, 0x5F, 0x00, 0x95,
    0x21, 0x5A, 0x87, 0x40, 0x95, 0x21, 0x00, 0x00, 0x95, 0x2D, 0x00, 0x00,
    0x95, 0x2F, 0x64, 0x00, 0x95, 0x23, 0x5F, 0x87, 0x40, 0x95, 0x23, 0x00,
    0x00, 0x95, 0x2F, 0x00, 0x00, 0x95, 0x2A, 0x5F, 0x87, 0x40, 0x95, 0x2A,
    0x00, 0x00, 0x95, 0x2B, 0x64, 0x87, 0x40, 0x95, 0x2B, 0x00, 0x00, 0x95,
    0x32, 0x5F, 0x00, 0x95, 0x26, 0x5A, 0x87, 0x40, 0x95, 0x26, 0x00, 0x00,
    0x95, 0x32, 0x00, 0x00, 0x95, 0x2B, 0x64, 0x00, 0x95, 0x1F, 0x5F, 0x87,
    0x40, 0x95, 0x1F, 0x00, 0x00, 0x95, 0x2B, 0x00, 0x00, 0x95, 0x2D, 0x5A,
    0x00, 0x95, 0x21, 0x55, 0x87, 0x40, 0x95, 0x21, 0x00, 0x00, 0x95, 0x2D,
    0x00, 0x00, 0x95, 0x32, 0x64, 0x00, 0x95, 0x26, 0x5F, 0x87, 0x40, 0x95,
    0x26, 0x00, 0x00, 0x95, 0x32, 0x00, 0x00, 0x95, 0x2D, 0x5F, 0x00, 0x95,
    0x21, 0x5A, 0x87, 0x40, 0x95, 0x21, 0x00, 0x00, 0x95, 0x2D, 0x00, 0x00,
    0x95, 0x2F, 0x64, 0x00, 0x95, 0x23, 0x5F, 0x87, 0x40, 0x95, 0x23, 0x00,
    0x00, 0x95, 0x2F, 0x00, 0x00, 0x95, 0x2A, 0x5F, 0x00, 0x95, 0x1E, 0x5A,
    0x87, 0x40, 0x95, 0x1E, 0x00, 0x00, 0x95, 0x2A, 0x00, 0x00, 0x95, 0x2B,
    0x64, 0x00, 0x95, 0x1F, 0x5F, 0x87, 0x40, 0x95, 0x1F, 0x00, 0x00, 0x95,
    0x2B, 0x00, 0x00, 0x95, 0x26, 0x5F, 0x00, 0x95, 0x1A, 0x5A, 0x87, 0x40,
    0x95, 0x1A, 0x00, 0x00, 0x95, 0x26, 0x00, 0x00, 0x95, 0x2B, 0x64, 0x00,
    0x95, 0x1F, 0x5F, 0x87, 0x40, 0x95, 0x1F, 0x00, 0x00, 0x95, 0x2B, 0x00,
    0x00, 0x95, 0x2D, 0x5F, 0x00, 0x95, 0x21, 0x5A, 0x87, 0x40, 0x95, 0x21,
    0x00, 0x00, 0x95, 0x2D, 0x00, 0x00, 0x95, 0x26, 0x64, 0x00, 0x95, 0x1A,
    0x5F, 0x8E, 0x08, 0x95, 0x1A, 0x00, 0x00, 0x95, 0x26, 0x00, 0x00, 0xFF,
    0x2F, 0x00, 0x4D, 0x54, 0x72, 0x6B, 0x00, 0x00, 0x00, 0x69, 0x00, 0xFF,
    0x7F, 0x04, 0x43, 0x00, 0x01, 0x00, 0x00, 0xFF, 0x03, 0x24, 0x20, 0x20,
    0x20, 0x20, 0x20, 0x20, 0x20, 0x20, 0x20, 0x20, 0x20, 0x20, 0x20, 0x20,
    0x20, 0x20, 0x20, 0x20, 0x20, 0x20, 0x20, 0x20, 0x20, 0x20, 0x20, 0x20,
    0x20, 0x20, 0x20, 0x20, 0x20, 0x20, 0x20, 0x20, 0x20, 0x20, 0x00, 0xFF,
    0x21, 0x01, 0x00, 0x87, 0x72, 0xB6, 0x00, 0x00, 0x0A, 0xB6, 0x20, 0x00,
    0x0A, 0xC6, 0x00, 0x0A, 0xB6, 0x07, 0x78, 0x0A, 0xB6, 0x0B, 0x6E, 0x0A,
    0xB6, 0x0A, 0x40, 0x0A, 0xB6, 0x5B, 0x28, 0x0A, 0xB6, 0x5D, 0x00, 0x0A,
    0xB6, 0x5E, 0x00, 0x0A, 0xB6, 0x65, 0x00, 0x0A, 0xB6, 0x64, 0x00, 0x0A,
    0xB6, 0x06, 0x0C, 0x00, 0xFF, 0x2F, 0x00, 0x4D, 0x54, 0x72, 0x6B, 0x00,
    0x00, 0x00, 0x69, 0x00, 0xFF, 0x7F, 0x04, 0x43, 0x00, 0x01, 0x00, 0x00,
    0xFF, 0x03, 0x24, 0x20, 0x20, 0x20, 0x20, 0x20, 0x20, 0x20, 0x20, 0x20,
    0x20, 0x20, 0x20, 0x20, 0x20, 0x20, 0x20, 0x20, 0x20, 0x20, 0x20, 0x20,
    0x20, 0x20, 0x20, 0x20, 0x20, 0x20, 0x20, 0x20, 0x20, 0x20, 0x20, 0x20,
    0x20, 0x20, 0x20, 0x00, 0xFF, 0x21, 0x01, 0x00, 0x87, 0x7C, 0xB7, 0x00,
    0x00, 0x0A, 0xB7, 0x20, 0x00, 0x0A, 0xC7, 0x00, 0x0A, 0xB7, 0x07, 0x78,
    0x0A, 0xB7, 0x0B, 0x6E, 0x0A, 0xB7, 0x0A, 0x40, 0x0A, 0xB7, 0x5B, 0x28,
    0x0A, 0xB7, 0x5D, 0x00, 0x0A, 0xB7, 0x5E, 0x00, 0x0A, 0xB7, 0x65, 0x00,
    0x0A, 0xB7, 0x64, 0x00, 0x0A, 0xB7, 0x06, 0x0C, 0x00, 0xFF, 0x2F, 0x00,
    0x4D, 0x54, 0x72, 0x6B, 0x00, 0x00, 0x00, 0x69, 0x00, 0xFF, 0x7F, 0x04,
    0x43, 0x00, 0x01, 0x00, 0x00, 0xFF, 0x03, 0x24, 0x20, 0x20, 0x20, 0x20,
    0x20, 0x20, 0x20, 0x20, 0x20, 0x20, 0x20, 0x20, 0x20, 0x20, 0x20, 0x20,
    0x20, 0x20, 0x20, 0x20, 0x20, 0x20, 0x20, 0x20, 0x20, 0x20, 0x20, 0x20,
    0x20, 0x20, 0x20, 0x20, 0x20, 0x20, 0x20, 0x20, 0x00, 0xFF, 0x21, 0x01,
    0x00, 0x88, 0x06, 0xB8, 0x00, 0x00, 0x0A, 0xB8, 0x20, 0x00, 0x0A, 0xC8,
    0x00, 0x0A, 0xB8, 0x07, 0x78, 0x0A, 0xB8, 0x0B, 0x6E, 0x0A, 0xB8, 0x0A,
    0x40, 0x0A, 0xB8, 0x5B, 0x28, 0x0A, 0xB8, 0x5D, 0x00, 0x0A, 0xB8, 0x5E,
    0x00, 0x0A, 0xB8, 0x65, 0x00, 0x0A, 0xB8, 0x64, 0x00, 0x0A, 0xB8, 0x06,
    0x0C, 0x00, 0xFF, 0x2F, 0x00, 0x4D, 0x54, 0x72, 0x6B, 0x00, 0x00, 0x00,
    0x69, 0x00, 0xFF, 0x7F, 0x04, 0x43, 0x00, 0x01, 0x00, 0x00, 0xFF, 0x03,
    0x24, 0x20, 0x20, 0x20, 0x20, 0x20, 0x20, 0x20, 0x20, 0x20, 0x20, 0x20,
    0x20, 0x20, 0x20, 0x20, 0x20, 0x20, 0x20, 0x20, 0x20, 0x20, 0x20, 0x20,
    0x20, 0x20, 0x20, 0x20, 0x20, 0x20, 0x20, 0x20, 0x20, 0x20, 0x20, 0x20,
    0x20, 0x00, 0xFF, 0x21, 0x01, 0x00, 0x88, 0x10, 0xB9, 0x00, 0x00, 0x0A,
    0xB9, 0x20, 0x00, 0x0A, 0xC9, 0x00, 0x0A, 0xB9, 0x07, 0x78, 0x0A, 0xB9,
    0x0B, 0x6E, 0x0A, 0xB9, 0x0A, 0x40, 0x0A, 0xB9, 0x5B, 0x28, 0x0A, 0xB9,
    0x5D, 0x00, 0x0A, 0xB9, 0x5E, 0x00, 0x0A, 0xB9, 0x65, 0x00, 0x0A, 0xB9,
    0x64, 0x00, 0x0A, 0xB9, 0x06, 0x0C, 0x00, 0xFF, 0x2F, 0x00, 0x4D, 0x54,
    0x72, 0x6B, 0x00, 0x00, 0x00, 0x69, 0x00, 0xFF, 0x7F, 0x04, 0x43, 0x00,
    0x01, 0x00, 0x00, 0xFF, 0x03, 0x24, 0x20, 0x20, 0x20, 0x20, 0x20, 0x20,
    0x20, 0x20, 0x20, 0x20, 0x20, 0x20, 0x20, 0x20, 0x20, 0x20, 0x20, 0x20,
    0x20, 0x20, 0x20, 0x20, 0x20, 0x20, 0x20, 0x20, 0x20, 0x20, 0x20, 0x20,
    0x20, 0x20, 0x20, 0x20, 0x20, 0x20, 0x00, 0xFF, 0x21, 0x01, 0x00, 0x88,
    0x1A, 0xBA, 0x00, 0x00, 0x0A, 0xBA, 0x20, 0x00, 0x0A, 0xCA, 0x00, 0x0A,
    0xBA, 0x07, 0x78, 0x0A, 0xBA, 0x0B, 0x6E, 0x0A, 0xBA, 0x0A, 0x40, 0x0A,
    0xBA, 0x5B, 0x28, 0x0A, 0xBA, 0x5D, 0x00, 0x0A, 0xBA, 0x5E, 0x00, 0x0A,
    0xBA, 0x65, 0x00, 0x0A, 0xBA, 0x64, 0x00, 0x0A, 0xBA, 0x06, 0x0C, 0x00,
    0xFF, 0x2F, 0x00, 0x4D, 0x54, 0x72, 0x6B, 0x00, 0x00, 0x00, 0x69, 0x00,
    0xFF, 0x7F, 0x04, 0x43, 0x00, 0x01, 0x00, 0x00, 0xFF, 0x03, 0x24, 0x20,
    0x20, 0x20, 0x20, 0x20, 0x20, 0x20, 0x20, 0x20, 0x20, 0x20, 0x20, 0x20,
    0x20, 0x20, 0x20, 0x20, 0x20, 0x20, 0x20, 0x20, 0x20, 0x20, 0x20, 0x20,
    0x20, 0x20, 0x20, 0x20, 0x20, 0x20, 0x20, 0x20, 0x20, 0x20, 0x20, 0x00,
    0xFF, 0x21, 0x01, 0x00, 0x88, 0x24, 0xBB, 0x00, 0x00, 0x0A, 0xBB, 0x20,
    0x00, 0x0A, 0xCB, 0x00, 0x0A, 0xBB, 0x07, 0x78, 0x0A, 0xBB, 0x0B, 0x6E,
    0x0A, 0xBB, 0x0A, 0x40, 0x0A, 0xBB, 0x5B, 0x28, 0x0A, 0xBB, 0x5D, 0x00,
    0x0A, 0xBB, 0x5E, 0x00, 0x0A, 0xBB, 0x65, 0x00, 0x0A, 0xBB, 0x64, 0x00,
    0x0A, 0xBB, 0x06, 0x0C, 0x00, 0xFF, 0x2F, 0x00, 0x4D, 0x54, 0x72, 0x6B,
    0x00, 0x00, 0x00, 0x69, 0x00, 0xFF, 0x7F, 0x04, 0x43, 0x00, 0x01, 0x00,
    0x00, 0xFF, 0x03, 0x24, 0x20, 0x20, 0x20, 0x20, 0x20, 0x20, 0x20, 0x20,
    0x20, 0x20, 0x20, 0x20, 0x20, 0x20, 0x20, 0x20, 0x20, 0x20, 0x20, 0x20,
    0x20, 0x20, 0x20, 0x20, 0x20, 0x20, 0x20, 0x20, 0x20, 0x20, 0x20, 0x20,
    0x20, 0x20, 0x20, 0x20, 0x00, 0xFF, 0x21, 0x01, 0x00, 0x88, 0x2E, 0xBC,
    0x00, 0x00, 0x0A, 0xBC, 0x20, 0x00, 0x0A, 0xCC, 0x00, 0x0A, 0xBC, 0x07,
    0x78, 0x0A, 0xBC, 0x0B, 0x6E, 0x0A, 0xBC, 0x0A, 0x40, 0x0A, 0xBC, 0x5B,
    0x28, 0x0A, 0xBC, 0x5D, 0x00, 0x0A, 0xBC, 0x5E, 0x00, 0x0A, 0xBC, 0x65,
    0x00, 0x0A, 0xBC, 0x64, 0x00, 0x0A, 0xBC, 0x06, 0x0C, 0x00, 0xFF, 0x2F,
    0x00, 0x4D, 0x54, 0x72, 0x6B, 0x00, 0x00, 0x00, 0x69, 0x00, 0xFF, 0x7F,
    0x04, 0x43, 0x00, 0x01, 0x00, 0x00, 0xFF, 0x03, 0x24, 0x20, 0x20, 0x20,
    0x20, 0x20, 0x20, 0x20, 0x20, 0x20, 0x20, 0x20, 0x20, 0x20, 0x20, 0x20,
    0x20, 0x20, 0x20, 0x20, 0x20, 0x20, 0x20, 0x20, 0x20, 0x20, 0x20, 0x20,
    0x20, 0x20, 0x20, 0x20, 0x20, 0x20, 0x20, 0x20, 0x20, 0x00, 0xFF, 0x21,
    0x01, 0x00, 0x88, 0x38, 0xBD, 0x00, 0x00, 0x0A, 0xBD, 0x20, 0x00, 0x0A,
    0xCD, 0x00, 0x0A, 0xBD, 0x07, 0x78, 0x0A, 0xBD, 0x0B, 0x6E, 0x0A, 0xBD,
    0x0A, 0x40, 0x0A, 0xBD, 0x5B, 0x28, 0x0A, 0xBD, 0x5D, 0x00, 0x0A, 0xBD,
    0x5E, 0x00, 0x0A, 0xBD, 0x65, 0x00, 0x0A, 0xBD, 0x64, 0x00, 0x0A, 0xBD,
    0x06, 0x0C, 0x00, 0xFF, 0x2F, 0x00, 0x4D, 0x54, 0x72, 0x6B, 0x00, 0x00,
    0x00, 0x69, 0x00, 0xFF, 0x7F, 0x04, 0x43, 0x00, 0x01, 0x00, 0x00, 0xFF,
    0x03, 0x24, 0x20, 0x20, 0x20, 0x20, 0x20, 0x20, 0x20, 0x20, 0x20, 0x20,
    0x20, 0x20, 0x20, 0x20, 0x20, 0x20, 0x20, 0x20, 0x20, 0x20, 0x20, 0x20,
    0x20, 0x20, 0x20, 0x20, 0x20, 0x20, 0x20, 0x20, 0x20, 0x20, 0x20, 0x20,
    0x20, 0x20, 0x00, 0xFF, 0x21, 0x01, 0x00, 0x88, 0x42, 0xBE, 0x00, 0x00,
    0x0A, 0xBE, 0x20, 0x00, 0x0A, 0xCE, 0x00, 0x0A, 0xBE, 0x07, 0x78, 0x0A,
    0xBE, 0x0B, 0x6E, 0x0A, 0xBE, 0x0A, 0x40, 0x0A, 0xBE, 0x5B, 0x28, 0x0A,
    0xBE, 0x5D, 0x00, 0x0A, 0xBE, 0x5E, 0x00, 0x0A, 0xBE, 0x65, 0x00, 0x0A,
    0xBE, 0x64, 0x00, 0x0A, 0xBE, 0x06, 0x0C, 0x00, 0xFF, 0x2F, 0x00, 0x4D,
    0x54, 0x72, 0x6B, 0x00, 0x00, 0x00, 0x69, 0x00, 0xFF, 0x7F, 0x04, 0x43,
    0x00, 0x01, 0x00, 0x00, 0xFF, 0x03, 0x24, 0x20, 0x20, 0x20, 0x20, 0x20,
    0x20, 0x20, 0x20, 0x20, 0x20, 0x20, 0x20, 0x20, 0x20, 0x20, 0x20, 0x20,
    0x20, 0x20, 0x20, 0x20, 0x20, 0x20, 0x20, 0x20, 0x20, 0x20, 0x20, 0x20,
    0x20, 0x20, 0x20, 0x20, 0x20, 0x20, 0x20, 0x00, 0xFF, 0x21, 0x01, 0x00,
    0x88, 0x4C, 0xBF, 0x00, 0x00, 0x0A, 0xBF, 0x20, 0x00, 0x0A, 0xCF, 0x00,
    0x0A, 0xBF, 0x07, 0x78, 0x0A, 0xBF, 0x0B, 0x6E, 0x0A, 0xBF, 0x0A, 0x40,
    0x0A, 0xBF, 0x5B, 0x28, 0x0A, 0xBF, 0x5D, 0x00, 0x0A, 0xBF, 0x5E, 0x00,
    0x0A, 0xBF, 0x65, 0x00, 0x0A, 0xBF, 0x64, 0x00, 0x0A, 0xBF, 0x06, 0x0C,
    0x00, 0xFF, 0x2F, 0x00,
};

const uint32_t CANON_MIDI_SIZE = sizeof(CANON_MIDI_DATA);

const uint8_t HIMAWARI_MIDI_DATA[] = {
    0x4D, 0x54, 0x68, 0x64, 0x00, 0x00, 0x00, 0x06, 0x00, 0x01, 0x00, 0x11,
    0x01, 0xE0, 0x4D, 0x54, 0x72, 0x6B, 0x00, 0x00, 0x00, 0x78, 0x00, 0xFF,
    0x03, 0x40, 0x68, 0x69, 0x6D, 0x61, 0x77, 0x61, 0x72, 0x69, 0x20, 0x20,
    0x20, 0x20, 0x20, 0x20, 0x20, 0x20, 0x20, 0x20, 0x20, 0x20, 0x20, 0x20,
    0x20, 0x20, 0x20, 0x20, 0x20, 0x20, 0x20, 0x20, 0x20, 0x20, 0x20, 0x20,
    0x20, 0x20, 0x20, 0x20, 0x20, 0x20, 0x20, 0x20, 0x20, 0x20, 0x20, 0x20,
    0x20, 0x20, 0x20, 0x20, 0x20, 0x20, 0x20, 0x20, 0x20, 0x20, 0x20, 0x20,
    0x20, 0x20, 0x20, 0x20, 0x20, 0x20, 0x00, 0xFF, 0x51, 0x03, 0x08, 0xB8,
    0x24, 0x00, 0xFF, 0x59, 0x02, 0x00, 0x00, 0x00, 0xFF, 0x58, 0x04, 0x04,
    0x02, 0x18, 0x08, 0x00, 0xFF, 0x01, 0x17, 0x50, 0x72, 0x6F, 0x67, 0x72,
    0x61, 0x6D, 0x6D, 0x65, 0x72, 0x20, 0x6E, 0x61, 0x67, 0x69, 0x73, 0x61,
    0x20, 0x6D, 0x61, 0x74, 0x75, 0x69, 0x00, 0xFF, 0x2F, 0x00, 0x4D, 0x54,
    0x72, 0x6B, 0x00, 0x00, 0x00, 0x3A, 0x00, 0xFF, 0x7F, 0x04, 0x43, 0x00,
    0x01, 0x00, 0x00, 0xFF, 0x03, 0x05, 0x53, 0x79, 0x73, 0x65, 0x78, 0x00,
    0xFF, 0x21, 0x01, 0x00, 0x00, 0xF0, 0x0A, 0x41, 0x10, 0x42, 0x12, 0x40,
    0x00, 0x7F, 0x00, 0x41, 0xF7, 0x0A, 0xF0, 0x08, 0x43, 0x10, 0x4C, 0x00,
    0x00, 0x7E, 0x00, 0xF7, 0x0A, 0xF0, 0x05, 0x7E, 0x7F, 0x09, 0x01, 0xF7,
    0x00, 0xFF, 0x2F, 0x00, 0x4D, 0x54, 0x72, 0x6B, 0x00, 0x00, 0x04, 0xAB,
    0x00, 0xFF, 0x7F, 0x04, 0x43, 0x00, 0x01, 0x00, 0x00, 0xFF, 0x03, 0x24,
    0x4D, 0x65, 0x6C, 0x6F, 0x64, 0x79, 0x20, 0x20, 0x20, 0x20, 0x20, 0x20,
    0x20, 0x20, 0x20, 0x20, 0x20, 0x20, 0x20, 0x20, 0x20, 0x20, 0x20, 0x20,
    0x20, 0x20, 0x20, 0x20, 0x20, 0x20, 0x20, 0x20, 0x20, 0x20, 0x20, 0x20,
    0x00, 0xFF, 0x21, 0x01, 0x00, 0x87, 0x4A, 0xB0, 0x00, 0x00, 0x0A, 0xB0,
    0x20, 0x00, 0x0A, 0xC0, 0x49, 0x0A, 0xB0, 0x07, 0x78, 0x0A, 0xB0, 0x0B,
    0x6E, 0x0A, 0xB0, 0x0A, 0x46, 0x0A, 0xB0, 0x5B, 0x3C, 0x0A, 0xB0, 0x5D,
    0x00, 0x0A, 0xB0, 0x5E, 0x00, 0x0A, 0xB0, 0x65, 0x00, 0x0A, 0xB0, 0x64,
    0x00, 0x0A, 0xB0, 0x06, 0x0C, 0x86, 0x48, 0xB0, 0x0B, 0x46, 0x00, 0x90,
    0x43, 0x5F, 0x0A, 0xB0, 0x0B, 0x4B, 0x0A, 0xB0, 0x0B, 0x4F, 0x0A, 0xB0,
    0x0B, 0x53, 0x0A, 0xB0, 0x0B, 0x56, 0x0A, 0xB0, 0x0B, 0x59, 0x0A, 0xB0,
    0x0B, 0x5B, 0x0A, 0xB0, 0x0B, 0x5D, 0x0A, 0xB0, 0x0B, 0x5F, 0x0A, 0xB0,
    0x0B, 0x61, 0x0A, 0xB0, 0x0B, 0x62, 0x0A, 0xB0, 0x0B, 0x64, 0x0A, 0xB0,
    0x0B, 0x65, 0x0A, 0xB0, 0x0B, 0x66, 0x0A, 0xB0, 0x0B, 0x67, 0x0A, 0xB0,
    0x0B, 0x68, 0x0A, 0xB0, 0x0B, 0x69, 0x14, 0xB0, 0x0B, 0x6A, 0x14, 0xB0,
    0x0B, 0x6B, 0x14, 0xB0, 0x0B, 0x6C, 0x28, 0xB0, 0x0B, 0x6D, 0x32, 0xB0,
    0x0B, 0x6E, 0x81, 0x16, 0x90, 0x43, 0x00, 0x14, 0x90, 0x48, 0x64, 0x85,
    0x3C, 0x90, 0x48, 0x00, 0x14, 0x90, 0x4A, 0x5A, 0x81, 0x5C, 0x90, 0x4A,
    0x00, 0x14, 0x90, 0x48, 0x5F, 0x81, 0x5C, 0x90, 0x48, 0x00, 0x14, 0x90,
    0x47, 0x5A, 0x81, 0x5C, 0x90, 0x47, 0x00, 0x14, 0x90, 0x45, 0x55, 0x8B,
    0x0C, 0x90, 0x45, 0x00, 0x82, 0x04, 0x90, 0x43, 0x5A, 0x81, 0x5C, 0x90,
    0x43, 0x00, 0x14, 0x90, 0x41, 0x5F, 0x81, 0x5C, 0x90, 0x41, 0x00, 0x14,
    0x90, 0x40, 0x5A, 0x81, 0x5C, 0x90, 0x40, 0x00, 0x14, 0x90, 0x3E, 0x5F,
    0x81, 0x5C, 0x90, 0x3E, 0x00, 0x14, 0x90, 0x40, 0x64, 0x83, 0x4C, 0x90,
    0x40, 0x00, 0x14, 0x90, 0x41, 0x5A, 0x81, 0x5C, 0x90, 0x41, 0x00, 0x14,
    0x90, 0x43, 0x5F, 0x81, 0x5C, 0x90, 0x43, 0x00, 0x14, 0x90, 0x3E, 0x5A,
    0x81, 0x5C, 0x90, 0x3E, 0x00, 0x14, 0x90, 0x40, 0x55, 0x87, 0x2C, 0x90,
    0x40, 0x00, 0x83, 0x74, 0x90, 0x40, 0x5F, 0x81, 0x5C, 0x90, 0x40, 0x00,
    0x14, 0x90, 0x41, 0x5A, 0x81, 0x5C, 0x90, 0x41, 0x00, 0x14, 0x90, 0x43,
    0x5F, 0x83, 0x4C, 0x90, 0x43, 0x00, 0x14, 0x90, 0x48, 0x64, 0x85, 0x3C,
    0x90, 0x48, 0x00, 0x14, 0x90, 0x4A, 0x5A, 0x81, 0x5C, 0x90, 0x4A, 0x00,
    0x14, 0x90, 0x48, 0x5F, 0x81, 0x5C, 0x90, 0x48, 0x00, 0x14, 0x90, 0x47,
    0x5A, 0x81, 0x5C, 0x90, 0x47, 0x00, 0x14, 0x90, 0x45, 0x55, 0x8B, 0x0C,
    0x90, 0x45, 0x00, 0x82, 0x04, 0x90, 0x43, 0x5A, 0x81, 0x5C, 0x90, 0x43,
    0x00, 0x14, 0x90, 0x41, 0x5F, 0x81, 0x5C, 0x90, 0x41, 0x00, 0x14, 0x90,
    0x40, 0x5A, 0x81, 0x5C, 0x90, 0x40, 0x00, 0x14, 0x90, 0x41, 0x5A, 0x81,
    0x5C, 0x90, 0x41, 0x00, 0x14, 0x90, 0x43, 0x64, 0x83, 0x4C, 0x90, 0x43,
    0x00, 0x14, 0x90, 0x45, 0x5A, 0x81, 0x5C, 0x90, 0x45, 0x00, 0x14, 0x90,
    0x47, 0x5F, 0x81, 0x5C, 0x90, 0x47, 0x00, 0x14, 0x90, 0x43, 0x5A, 0x81,
    0x5C, 0x90, 0x43, 0x00, 0x14, 0x90, 0x48, 0x55, 0x8A, 0x78, 0x90, 0x48,
    0x00, 0x84, 0x08, 0x90, 0x4A, 0x64, 0x81, 0x5C, 0x90, 0x4A, 0x00, 0x82,
    0x04, 0x90, 0x48, 0x69, 0x81, 0x5C, 0x90, 0x48, 0x00, 0x82, 0x04, 0x90,
    0x41, 0x5F, 0x81, 0x5C, 0x90, 0x41, 0x00, 0x14, 0x90, 0x43, 0x5A, 0x81,
    0x5C, 0x90, 0x43, 0x00, 0x14, 0x90, 0x44, 0x5F, 0x81, 0x5C, 0x90, 0x44,
    0x00, 0x82, 0x04, 0x90, 0x43, 0x5F, 0x83, 0x4C, 0x90, 0x43, 0x00, 0x14,
    0x90, 0x45, 0x5A, 0x81, 0x5C, 0x90, 0x45, 0x00, 0x14, 0x90, 0x43, 0x64,
    0x85, 0x3C, 0x90, 0x43, 0x00, 0x83, 0x74, 0x90, 0x48, 0x64, 0x81, 0x5C,
    0x90, 0x48, 0x00, 0x82, 0x04, 0x90, 0x48, 0x69, 0x81, 0x5C, 0x90, 0x48,
    0x00, 0x82, 0x04, 0x90, 0x4A, 0x5F, 0x81, 0x5C, 0x90, 0x4A, 0x00, 0x14,
    0x90, 0x48, 0x5A, 0x81, 0x5C, 0x90, 0x48, 0x00, 0x14, 0x90, 0x47, 0x5F,
    0x81, 0x5C, 0x90, 0x47, 0x00, 0x14, 0x90, 0x48, 0x64, 0x83, 0x4C, 0x90,
    0x48, 0x00, 0x14, 0x90, 0x4A, 0x5A, 0x81, 0x5C, 0x90, 0x4A, 0x00, 0x14,
    0x90, 0x4C, 0x64, 0x87, 0x2C, 0x90, 0x4C, 0x00, 0x83, 0x74, 0x90, 0x4C,
    0x5F, 0x83, 0x4C, 0x90, 0x4C, 0x00, 0x14, 0x90, 0x4A, 0x64, 0x81, 0x5C,
    0x90, 0x4A, 0x00, 0x14, 0x90, 0x48, 0x5F, 0x83, 0x4C, 0x90, 0x48, 0x00,
    0x14, 0x90, 0x47, 0x64, 0x81, 0x5C, 0x90, 0x47, 0x00, 0x14, 0x90, 0x45,
    0x64, 0x87, 0x2C, 0x90, 0x45, 0x00, 0x14, 0x90, 0x47, 0x69, 0x83, 0x4C,
    0x90, 0x47, 0x00, 0x14, 0x90, 0x48, 0x64, 0x83, 0x4C, 0x90, 0x48, 0x00,
    0x14, 0x90, 0x4C, 0x69, 0x83, 0x4C, 0x90, 0x4C, 0x00, 0x14, 0x90, 0x4E,
    0x64, 0x83, 0x4C, 0x90, 0x4E, 0x00, 0x82, 0x04, 0x90, 0x4A, 0x69, 0x83,
    0x4C, 0x90, 0x4A, 0x00, 0x83, 0x74, 0x90, 0x4F, 0x6E, 0x87, 0x40, 0x90,
    0x4F, 0x00, 0x89, 0x30, 0x90, 0x43, 0x5F, 0x83, 0x4C, 0x90, 0x43, 0x00,
    0x14, 0x90, 0x48, 0x64, 0x85, 0x3C, 0x90, 0x48, 0x00, 0x14, 0x90, 0x4A,
    0x5A, 0x81, 0x5C, 0x90, 0x4A, 0x00, 0x14, 0x90, 0x48, 0x5F, 0x81, 0x5C,
    0x90, 0x48, 0x00, 0x14, 0x90, 0x47, 0x5A, 0x81, 0x5C, 0x90, 0x47, 0x00,
    0x14, 0x90, 0x45, 0x55, 0x8B, 0x0C, 0x90, 0x45, 0x00, 0x82, 0x04, 0x90,
    0x43, 0x5A, 0x81, 0x5C, 0x90, 0x43, 0x00, 0x14, 0x90, 0x41, 0x5F, 0x81,
    0x5C, 0x90, 0x41, 0x00, 0x14, 0x90, 0x40, 0x5A, 0x81, 0x5C, 0x90, 0x40,
    0x00, 0x14, 0x90, 0x3E, 0x5F, 0x81, 0x5C, 0x90, 0x3E, 0x00, 0x14, 0x90,
    0x40, 0x64, 0x83, 0x4C, 0x90, 0x40, 0x00, 0x14, 0x90, 0x41, 0x5A, 0x81,
    0x5C, 0x90, 0x41, 0x00, 0x14, 0x90, 0x43, 0x5F, 0x81, 0x5C, 0x90, 0x43,
    0x00, 0x14, 0x90, 0x3E, 0x5A, 0x81, 0x5C, 0x90, 0x3E, 0x00, 0x14, 0x90,
    0x40, 0x55, 0x87, 0x2C, 0x90, 0x40, 0x00, 0x83, 0x74, 0x90, 0x40, 0x5F,
    0x81, 0x5C, 0x90, 0x40, 0x00, 0x14, 0x90, 0x41, 0x5A, 0x81, 0x5C, 0x90,
    0x41, 0x00, 0x14, 0x90, 0x43, 0x5F, 0x83, 0x4C, 0x90, 0x43, 0x00, 0x14,
    0x90, 0x48, 0x64, 0x85, 0x3C, 0x90, 0x48, 0x00, 0x14, 0x90, 0x4A, 0x5A,
    0x81, 0x5C, 0x90, 0x4A, 0x00, 0x14, 0x90, 0x48, 0x5F, 0x81, 0x5C, 0x90,
    0x48, 0x00, 0x14, 0x90, 0x47, 0x5A, 0x81, 0x5C, 0x90, 0x47, 0x00, 0x14,
    0x90, 0x45, 0x55, 0x8B, 0x0C, 0x90, 0x45, 0x00, 0x82, 0x04, 0x90, 0x43,
    0x5A, 0x81, 0x5C, 0x90, 0x43, 0x00, 0x14, 0x90, 0x41, 0x5F, 0x81, 0x5C,
    0x90, 0x41, 0x00, 0x14, 0x90, 0x40, 0x5A, 0x81, 0x5C, 0x90, 0x40, 0x00,
    0x14, 0x90, 0x41, 0x5A, 0x81, 0x5C, 0x90, 0x41, 0x00, 0x14, 0x90, 0x43,
    0x64, 0x83, 0x4C, 0x90, 0x43, 0x00, 0x14, 0x90, 0x45, 0x5A, 0x81, 0x5C,
    0x90, 0x45, 0x00, 0x14, 0x90, 0x47, 0x5F, 0x81, 0x5C, 0x90, 0x47, 0x00,
    0x14, 0x90, 0x48, 0x5A, 0x81, 0x70, 0xB0, 0x0B, 0x6E, 0x83, 0x56, 0xB0,
    0x0B, 0x6D, 0x81, 0x16, 0xB0, 0x0B, 0x6C, 0x5A, 0xB0, 0x0B, 0x6B, 0x50,
    0xB0, 0x0B, 0x6A, 0x32, 0xB0, 0x0B, 0x69, 0x32, 0xB0, 0x0B, 0x68, 0x28,
    0xB0, 0x0B, 0x67, 0x1E, 0xB0, 0x0B, 0x66, 0x1E, 0xB0, 0x0B, 0x65, 0x1E,
    0xB0, 0x0B, 0x64, 0x14, 0xB0, 0x0B, 0x63, 0x14, 0xB0, 0x0B, 0x62, 0x1E,
    0xB0, 0x0B, 0x61, 0x0A, 0xB0, 0x0B, 0x60, 0x14, 0xB0, 0x0B, 0x5F, 0x14,
    0xB0, 0x0B, 0x5E, 0x0A, 0xB0, 0x0B, 0x5D, 0x14, 0xB0, 0x0B, 0x5C, 0x0A,
    0xB0, 0x0B, 0x5B, 0x0A, 0xB0, 0x0B, 0x5A, 0x14, 0xB0, 0x0B, 0x59, 0x0A,
    0xB0, 0x0B, 0x58, 0x0A, 0xB0, 0x0B, 0x57, 0x0A, 0xB0, 0x0B, 0x56, 0x0A,
    0xB0, 0x0B, 0x55, 0x0A, 0xB0, 0x0B, 0x54, 0x0A, 0xB0, 0x0B, 0x53, 0x0A,
    0xB0, 0x0B, 0x52, 0x0A, 0xB0, 0x0B, 0x51, 0x0A, 0xB0, 0x0B, 0x50, 0x0A,
    0xB0, 0x0B, 0x4E, 0x0A, 0xB0, 0x0B, 0x4D, 0x0A, 0xB0, 0x0B, 0x4C, 0x0A,
    0xB0, 0x0B, 0x4B, 0x0A, 0xB0, 0x0B, 0x49, 0x0A, 0xB0, 0x0B, 0x47, 0x0A,
    0xB0, 0x0B, 0x46, 0x0A, 0xB0, 0x0B, 0x45, 0x0A, 0xB0, 0x0B, 0x43, 0x0A,
    0xB0, 0x0B, 0x41, 0x0A, 0xB0, 0x0B, 0x3F, 0x0A, 0x90, 0x48, 0x00, 0x00,
    0xB0, 0x0B, 0x3C, 0x00, 0xFF, 0x2F, 0x00, 0x4D, 0x54, 0x72, 0x6B, 0x00,
    0x00, 0x02, 0x4E, 0x00, 0xFF, 0x7F, 0x04, 0x43, 0x00, 0x01, 0x00, 0x00,
    0xFF, 0x03, 0x24, 0x53, 0x74, 0x72, 0x69, 0x6E, 0x67, 0x73, 0x20, 0x20,
    0x20, 0x20, 0x20, 0x20, 0x20, 0x20, 0x20, 0x20, 0x20, 0x20, 0x20, 0x20,
    0x20, 0x20, 0x20, 0x20, 0x20, 0x20, 0x20, 0x20, 0x20, 0x20, 0x20, 0x20,
    0x20, 0x20, 0x20, 0x00, 0xFF, 0x21, 0x01, 0x00, 0x87, 0x54, 0xB1, 0x00,
    0x00, 0x0A, 0xB1, 0x20, 0x00, 0x0A, 0xC1, 0x30, 0x0A, 0xB1, 0x07, 0x64,
    0x0A, 0xB1, 0x0B, 0x50, 0x0A, 0xB1, 0x0A, 0x32, 0x0A, 0xB1, 0x5B, 0x3C,
    0x0A, 0xB1, 0x5D, 0x00, 0x0A, 0xB1, 0x5E, 0x00, 0x0A, 0xB1, 0x65, 0x00,
    0x0A, 0xB1, 0x64, 0x00, 0x0A, 0xB1, 0x06, 0x0C, 0xF8, 0x6E, 0x91, 0x37,
    0x55, 0x81, 0x5C, 0x91, 0x37, 0x00, 0x14, 0x91, 0x3E, 0x5A, 0x81, 0x5C,
    0x91, 0x3E, 0x00, 0x14, 0x91, 0x40, 0x55, 0x81, 0x5C, 0x91, 0x40, 0x00,
    0x14, 0x91, 0x41, 0x5A, 0x00, 0x91, 0x3C, 0x50, 0x00, 0x91, 0x38, 0x4B,
    0x87, 0x2C, 0x91, 0x3C, 0x00, 0x14, 0x91, 0x3E, 0x5A, 0x87, 0x2C, 0x91,
    0x3E, 0x00, 0x00, 0x91, 0x38, 0x00, 0x00, 0x91, 0x41, 0x00, 0x14, 0x91,
    0x37, 0x5A, 0x00, 0x91, 0x40, 0x50, 0x8E, 0x6C, 0x91, 0x40, 0x00, 0x00,
    0x91, 0x37, 0x00, 0x14, 0x91, 0x41, 0x5A, 0x00, 0x91, 0x3E, 0x50, 0x87,
    0x2C, 0x91, 0x41, 0x00, 0x14, 0x91, 0x44, 0x5A, 0x87, 0x2C, 0x91, 0x44,
    0x00, 0x00, 0x91, 0x3E, 0x00, 0x14, 0x91, 0x43, 0x55, 0x00, 0x91, 0x40,
    0x4B, 0x83, 0x4C, 0x91, 0x40, 0x00, 0x00, 0x91, 0x43, 0x00, 0x14, 0x91,
    0x47, 0x5A, 0x83, 0x4C, 0x91, 0x47, 0x00, 0x14, 0x91, 0x48, 0x55, 0x83,
    0x4C, 0x91, 0x48, 0x00, 0x14, 0x91, 0x4A, 0x5A, 0x83, 0x4C, 0x91, 0x4A,
    0x00, 0x14, 0x91, 0x4C, 0x55, 0x00, 0x91, 0x45, 0x4B, 0x87, 0x2C, 0x91,
    0x4C, 0x00, 0x14, 0x91, 0x48, 0x55, 0x83, 0x4C, 0x91, 0x48, 0x00, 0x14,
    0x91, 0x47, 0x5A, 0x83, 0x4C, 0x91, 0x47, 0x00, 0x00, 0x91, 0x45, 0x00,
    0x14, 0x91, 0x45, 0x55, 0x00, 0x91, 0x41, 0x4B, 0x8E, 0x6C, 0x91, 0x41,
    0x00, 0x00, 0x91, 0x45, 0x00, 0x14, 0x91, 0x42, 0x5A, 0x00, 0x91, 0x3C,
    0x50, 0x85, 0x3C, 0x91, 0x42, 0x00, 0x14, 0x91, 0x3E, 0x5A, 0x85, 0x3C,
    0x91, 0x3E, 0x00, 0x00, 0x91, 0x3C, 0x00, 0x82, 0x04, 0x91, 0x43, 0x5F,
    0x00, 0x91, 0x3E, 0x5A, 0x85, 0x3C, 0x91, 0x3E, 0x00, 0x00, 0x91, 0x43,
    0x00, 0x87, 0x54, 0x91, 0x47, 0x5A, 0x81, 0x5C, 0x91, 0x47, 0x00, 0x14,
    0x91, 0x4A, 0x55, 0x81, 0x5C, 0x91, 0x4A, 0x00, 0x14, 0x91, 0x48, 0x55,
    0x92, 0x4C, 0x91, 0x48, 0x00, 0x14, 0x91, 0x47, 0x50, 0x81, 0x5C, 0x91,
    0x47, 0x00, 0x14, 0x91, 0x48, 0x55, 0x83, 0x4C, 0x91, 0x48, 0x00, 0x82,
    0x04, 0x91, 0x45, 0x5A, 0x81, 0x5C, 0x91, 0x45, 0x00, 0x14, 0x91, 0x43,
    0x50, 0x81, 0x5C, 0x91, 0x43, 0x00, 0x14, 0x91, 0x41, 0x55, 0x83, 0x4C,
    0x91, 0x41, 0x00, 0x82, 0x04, 0x91, 0x43, 0x5A, 0x83, 0x4C, 0x91, 0x43,
    0x00, 0x85, 0x64, 0x91, 0x43, 0x55, 0x81, 0x5C, 0x91, 0x43, 0x00, 0x14,
    0x91, 0x45, 0x50, 0x81, 0x5C, 0x91, 0x45, 0x00, 0x14, 0x91, 0x47, 0x55,
    0x81, 0x5C, 0x91, 0x47, 0x00, 0x14, 0x91, 0x48, 0x5A, 0x83, 0x4C, 0x91,
    0x48, 0x00, 0x14, 0x91, 0x4A, 0x55, 0x81, 0x5C, 0x91, 0x4A, 0x00, 0x14,
    0x91, 0x4C, 0x5A, 0x81, 0x5C, 0x91, 0x4C, 0x00, 0x14, 0x91, 0x4D, 0x55,
    0x81, 0x5C, 0x91, 0x4D, 0x00, 0x14, 0x91, 0x4F, 0x5A, 0x8B, 0x0C, 0x91,
    0x4F, 0x00, 0x14, 0x91, 0x4D, 0x5A, 0x81, 0x5C, 0x91, 0x4D, 0x00, 0x14,
    0x91, 0x4C, 0x55, 0x81, 0x5C, 0x91, 0x4C, 0x00, 0x14, 0x91, 0x4B, 0x55,
    0x83, 0x4C, 0x91, 0x4B, 0x00, 0x82, 0x04, 0x91, 0x48, 0x5A, 0x83, 0x4C,
    0x91, 0x48, 0x00, 0x85, 0x64, 0x91, 0x4A, 0x55, 0x8C, 0x7C, 0x91, 0x4A,
    0x00, 0x14, 0x91, 0x4D, 0x5A, 0x83, 0x4C, 0x91, 0x4D, 0x00, 0x14, 0x91,
    0x4C, 0x55, 0x81, 0x5C, 0x91, 0x4C, 0x00, 0x14, 0x91, 0x4A, 0x55, 0x81,
    0x5C, 0x91, 0x4A, 0x00, 0x14, 0x91, 0x4C, 0x50, 0x85, 0x3C, 0x91, 0x4C,
    0x00, 0x00, 0xFF, 0x2F, 0x00, 0x4D, 0x54, 0x72, 0x6B, 0x00, 0x00, 0x03,
    0x5F, 0x00, 0xFF, 0x7F, 0x04, 0x43, 0x00, 0x01, 0x00, 0x00, 0xFF, 0x03,
    0x24, 0x42, 0x61, 0x73, 0x73, 0x20, 0x20, 0x20, 0x20, 0x20, 0x20, 0x20,
    0x20, 0x20, 0x20, 0x20, 0x20, 0x20, 0x20, 0x20, 0x20, 0x20, 0x20, 0x20,
    0x20, 0x20, 0x20, 0x20, 0x20, 0x20, 0x20, 0x20, 0x20, 0x20, 0x20, 0x20,
    0x20, 0x00, 0xFF, 0x21, 0x01, 0x00, 0x87, 0x40, 0xB2, 0x00, 0x00, 0x0A,
    0xB2, 0x20, 0x00, 0x0A, 0xC2, 0x21, 0x0A, 0xB2, 0x07, 0x6E, 0x0A, 0xB2,
    0x0B, 0x6E, 0x0A, 0xB2, 0x0A, 0x40, 0x0A, 0xB2, 0x5B, 0x1E, 0x0A, 0xB2,
    0x5D, 0x00, 0x0A, 0xB2, 0x5E, 0x00, 0x0A, 0xB2, 0x65, 0x00, 0x0A, 0xB2,
    0x64, 0x00, 0x0A, 0xB2, 0x06, 0x0C, 0x86, 0x52, 0x92, 0x24, 0x64, 0x83,
    0x4C, 0x92, 0x24, 0x00, 0x82, 0x04, 0x92, 0x24, 0x5F, 0x83, 0x4C, 0x92,
    0x24, 0x00, 0x83, 0x74, 0x92, 0x28, 0x55, 0x81, 0x5C, 0x92, 0x28, 0x00,
    0x14, 0x92, 0x27, 0x64, 0x83, 0x4C, 0x92, 0x27, 0x00, 0x82, 0x04, 0x92,
    0x1B, 0x5F, 0x83, 0x4C, 0x92, 0x1B, 0x00, 0x83, 0x74, 0x92, 0x1B, 0x55,
    0x81, 0x5C, 0x92, 0x1B, 0x00, 0x14, 0x92, 0x1A, 0x64, 0x83, 0x4C, 0x92,
    0x1A, 0x00, 0x82, 0x04, 0x92, 0x1F, 0x5F, 0x83, 0x4C, 0x92, 0x1F, 0x00,
    0x83, 0x74, 0x92, 0x23, 0x55, 0x81, 0x5C, 0x92, 0x23, 0x00, 0x14, 0x92,
    0x24, 0x64, 0x83, 0x4C, 0x92, 0x24, 0x00, 0x82, 0x04, 0x92, 0x24, 0x5F,
    0x83, 0x4C, 0x92, 0x24, 0x00, 0x82, 0x04, 0x92, 0x2B, 0x5A, 0x83, 0x4C,
    0x92, 0x2B, 0x00, 0x14, 0x92, 0x24, 0x64, 0x83, 0x4C, 0x92, 0x24, 0x00,
    0x82, 0x04, 0x92, 0x24, 0x5F, 0x83, 0x4C, 0x92, 0x24, 0x00, 0x83, 0x74,
    0x92, 0x28, 0x55, 0x81, 0x5C, 0x92, 0x28, 0x00, 0x14, 0x92, 0x27, 0x64,
    0x83, 0x4C, 0x92, 0x27, 0x00, 0x82, 0x04, 0x92, 0x1B, 0x5F, 0x83, 0x4C,
    0x92, 0x1B, 0x00, 0x83, 0x74, 0x92, 0x1B, 0x55, 0x81, 0x5C, 0x92, 0x1B,
    0x00, 0x14, 0x92, 0x1A, 0x64, 0x83, 0x4C, 0x92, 0x1A, 0x00, 0x82, 0x04,
    0x92, 0x1F, 0x5F, 0x83, 0x4C, 0x92, 0x1F, 0x00, 0x83, 0x74, 0x92, 0x23,
    0x55, 0x81, 0x5C, 0x92, 0x23, 0x00, 0x14, 0x92, 0x24, 0x64, 0x83, 0x4C,
    0x92, 0x24, 0x00, 0x82, 0x04, 0x92, 0x24, 0x5F, 0x83, 0x4C, 0x92, 0x24,
    0x00, 0x82, 0x04, 0x92, 0x2B, 0x5A, 0x83, 0x4C, 0x92, 0x2B, 0x00, 0x14,
    0x92, 0x29, 0x64, 0x83, 0x4C, 0x92, 0x29, 0x00, 0x82, 0x04, 0x92, 0x29,
    0x55, 0x81, 0x5C, 0x92, 0x29, 0x00, 0x14, 0x92, 0x1D, 0x5F, 0x83, 0x4C,
    0x92, 0x1D, 0x00, 0x82, 0x04, 0x92, 0x26, 0x55, 0x81, 0x5C, 0x92, 0x26,
    0x00, 0x14, 0x92, 0x24, 0x64, 0x83, 0x4C, 0x92, 0x24, 0x00, 0x82, 0x04,
    0x92, 0x24, 0x55, 0x81, 0x5C, 0x92, 0x24, 0x00, 0x14, 0x92, 0x24, 0x5F,
    0x83, 0x4C, 0x92, 0x24, 0x00, 0x82, 0x04, 0x92, 0x28, 0x55, 0x81, 0x5C,
    0x92, 0x28, 0x00, 0x14, 0x92, 0x29, 0x64, 0x83, 0x4C, 0x92, 0x29, 0x00,
    0x82, 0x04, 0x92, 0x29, 0x55, 0x81, 0x5C, 0x92, 0x29, 0x00, 0x14, 0x92,
    0x29, 0x5F, 0x83, 0x4C, 0x92, 0x29, 0x00, 0x82, 0x04, 0x92, 0x21, 0x55,
    0x81, 0x5C, 0x92, 0x21, 0x00, 0x14, 0x92, 0x24, 0x64, 0x83, 0x4C, 0x92,
    0x24, 0x00, 0x82, 0x04, 0x92, 0x24, 0x55, 0x81, 0x5C, 0x92, 0x24, 0x00,
    0x82, 0x04, 0x92, 0x24, 0x55, 0x81, 0x5C, 0x92, 0x24, 0x00, 0x14, 0x92,
    0x23, 0x5A, 0x81, 0x5C, 0x92, 0x23, 0x00, 0x14, 0x92, 0x22, 0x55, 0x81,
    0x5C, 0x92, 0x22, 0x00, 0x14, 0x92, 0x21, 0x64, 0x83, 0x4C, 0x92, 0x21,
    0x00, 0x82, 0x04, 0x92, 0x21, 0x55, 0x81, 0x5C, 0x92, 0x21, 0x00, 0x14,
    0x92, 0x28, 0x5F, 0x83, 0x4C, 0x92, 0x28, 0x00, 0x82, 0x04, 0x92, 0x28,
    0x50, 0x81, 0x5C, 0x92, 0x28, 0x00, 0x14, 0x92, 0x29, 0x64, 0x83, 0x4C,
    0x92, 0x29, 0x00, 0x82, 0x04, 0x92, 0x29, 0x55, 0x81, 0x5C, 0x92, 0x29,
    0x00, 0x14, 0x92, 0x29, 0x5F, 0x83, 0x4C, 0x92, 0x29, 0x00, 0x82, 0x04,
    0x92, 0x28, 0x52, 0x81, 0x5C, 0x92, 0x28, 0x00, 0x14, 0x92, 0x26, 0x64,
    0x83, 0x4C, 0x92, 0x26, 0x00, 0x82, 0x04, 0x92, 0x26, 0x55, 0x81, 0x5C,
    0x92, 0x26, 0x00, 0x14, 0x92, 0x21, 0x5F, 0x83, 0x4C, 0x92, 0x21, 0x00,
    0x82, 0x04, 0x92, 0x1F, 0x64, 0x83, 0x4C, 0x92, 0x1F, 0x00, 0x83, 0x74,
    0x92, 0x1F, 0x5F, 0x83, 0x4C, 0x92, 0x1F, 0x00, 0x14, 0x92, 0x2B, 0x5A,
    0x83, 0x4C, 0x92, 0x2B, 0x00, 0x14, 0x92, 0x1F, 0x55, 0x81, 0x5C, 0x92,
    0x1F, 0x00, 0x14, 0x92, 0x24, 0x64, 0x83, 0x4C, 0x92, 0x24, 0x00, 0x82,
    0x04, 0x92, 0x24, 0x5F, 0x83, 0x4C, 0x92, 0x24, 0x00, 0x83, 0x74, 0x92,
    0x28, 0x55, 0x81, 0x5C, 0x92, 0x28, 0x00, 0x14, 0x92, 0x27, 0x64, 0x83,
    0x4C, 0x92, 0x27, 0x00, 0x82, 0x04, 0x92, 0x1B, 0x5F, 0x83, 0x4C, 0x92,
    0x1B, 0x00, 0x83, 0x74, 0x92, 0x1B, 0x55, 0x81, 0x5C, 0x92, 0x1B, 0x00,
    0x14, 0x92, 0x1A, 0x64, 0x83, 0x4C, 0x92, 0x1A, 0x00, 0x82, 0x04, 0x92,
    0x1F, 0x5F, 0x83, 0x4C, 0x92, 0x1F, 0x00, 0x83, 0x74, 0x92, 0x23, 0x55,
    0x81, 0x5C, 0x92, 0x23, 0x00, 0x14, 0x92, 0x24, 0x64, 0x83, 0x4C, 0x92,
    0x24, 0x00, 0x82, 0x04, 0x92, 0x24, 0x5F, 0x83, 0x4C, 0x92, 0x24, 0x00,
    0x82, 0x04, 0x92, 0x2B, 0x5A, 0x83, 0x4C, 0x92, 0x2B, 0x00, 0x14, 0x92,
    0x24, 0x64, 0x83, 0x4C, 0x92, 0x24, 0x00, 0x82, 0x04, 0x92, 0x24, 0x5F,
    0x83, 0x4C, 0x92, 0x24, 0x00, 0x83, 0x74, 0x92, 0x28, 0x55, 0x81, 0x5C,
    0x92, 0x28, 0x00, 0x14, 0x92, 0x27, 0x64, 0x83, 0x4C, 0x92, 0x27, 0x00,
    0x82, 0x04, 0x92, 0x1B, 0x5F, 0x83, 0x4C, 0x92, 0x1B, 0x00, 0x83, 0x74,
    0x92, 0x1B, 0x55, 0x81, 0x5C, 0x92, 0x1B, 0x00, 0x14, 0x92, 0x1A, 0x64,
    0x83, 0x4C, 0x92, 0x1A, 0x00, 0x82, 0x04, 0x92, 0x1F, 0x5F, 0x83, 0x4C,
    0x92, 0x1F, 0x00, 0x83, 0x74, 0x92, 0x23, 0x55, 0x81, 0x5C, 0x92, 0x23,
    0x00, 0x14, 0x92, 0x24, 0x64, 0x83, 0x4C, 0x92, 0x24, 0x00, 0x82, 0x04,
    0x92, 0x24, 0x5F, 0x85, 0x3C, 0x92, 0x24, 0x00, 0x00, 0xFF, 0x2F, 0x00,
    0x4D, 0x54, 0x72, 0x6B, 0x00, 0x00, 0x07, 0xB0, 0x00, 0xFF, 0x7F, 0x04,
    0x43, 0x00, 0x01, 0x00, 0x00, 0xFF, 0x03, 0x24, 0x50, 0x69, 0x61, 0x6E,
    0x6F, 0x20, 0x20, 0x20, 0x20, 0x20, 0x20, 0x20, 0x20, 0x20, 0x20, 0x20,
    0x20, 0x20, 0x20, 0x20, 0x20, 0x20, 0x20, 0x20, 0x20, 0x20, 0x20, 0x20,
    0x20, 0x20, 0x20, 0x20, 0x20, 0x20, 0x20, 0x20, 0x00, 0xFF, 0x21, 0x01,
    0x00, 0x87, 0x5E, 0xB3, 0x00, 0x00, 0x0A, 0xB3, 0x20, 0x00, 0x0A, 0xC3,
    0x04, 0x0A, 0xB3, 0x07, 0x5F, 0x0A, 0xB3, 0x0B, 0x6E, 0x0A, 0xB3, 0x0A,
    0x32, 0x0A, 0xB3, 0x5B, 0x32, 0x0A, 0xB3, 0x5D, 0x3C, 0x0A, 0xB3, 0x5E,
    0x00, 0x0A, 0xB3, 0x65, 0x00, 0x0A, 0xB3, 0x64, 0x00, 0x0A, 0xB3, 0x06,
    0x0C, 0x86, 0x34, 0x93, 0x40, 0x64, 0x00, 0x93, 0x3C, 0x5A, 0x00, 0x93,
    0x37, 0x55, 0x85, 0x3C, 0x93, 0x37, 0x00, 0x00, 0x93, 0x3C, 0x00, 0x00,
    0x93, 0x40, 0x00, 0x14, 0x93, 0x40, 0x64, 0x00, 0x93, 0x3C, 0x5A, 0x00,
    0x93, 0x37, 0x55, 0x85, 0x3C, 0x93, 0x37, 0x00, 0x00, 0x93, 0x3C, 0x00,
    0x00, 0x93, 0x40, 0x00, 0x83, 0x74, 0x93, 0x3F, 0x64, 0x00, 0x93, 0x3C,
    0x5A, 0x00, 0x93, 0x39, 0x55, 0x85, 0x3C, 0x93, 0x39, 0x00, 0x00, 0x93,
    0x3C, 0x00, 0x00, 0x93, 0x3F, 0x00, 0x14, 0x93, 0x3F, 0x64, 0x00, 0x93,
    0x3C, 0x5A, 0x00, 0x93, 0x39, 0x55, 0x85, 0x3C, 0x93, 0x39, 0x00, 0x00,
    0x93, 0x3C, 0x00, 0x00, 0x93, 0x3F, 0x00, 0x83, 0x74, 0x93, 0x3E, 0x64,
    0x00, 0x93, 0x39, 0x5A, 0x00, 0x93, 0x35, 0x55, 0x85, 0x3C, 0x93, 0x35,
    0x00, 0x00, 0x93, 0x39, 0x00, 0x00, 0x93, 0x3E, 0x00, 0x14, 0x93, 0x41,
    0x64, 0x00, 0x93, 0x3B, 0x5A, 0x00, 0x93, 0x37, 0x55, 0x85, 0x3C, 0x93,
    0x37, 0x00, 0x00, 0x93, 0x3B, 0x00, 0x00, 0x93, 0x41, 0x00, 0x83, 0x74,
    0x93, 0x40, 0x64, 0x00, 0x93, 0x3C, 0x5A, 0x00, 0x93, 0x37, 0x55, 0x85,
    0x3C, 0x93, 0x37, 0x00, 0x00, 0x93, 0x3C, 0x00, 0x00, 0x93, 0x40, 0x00,
    0x14, 0x93, 0x40, 0x64, 0x00, 0x93, 0x3C, 0x5A, 0x00, 0x93, 0x37, 0x55,
    0x83, 0x4C, 0x93, 0x37, 0x00, 0x00, 0x93, 0x3C, 0x00, 0x00, 0x93, 0x40,
    0x00, 0x14, 0x93, 0x37, 0x5A, 0x81, 0x5C, 0x93, 0x37, 0x00, 0x14, 0x93,
    0x3C, 0x5F, 0x81, 0x5C, 0x93, 0x3C, 0x00, 0x14, 0x93, 0x3E, 0x5A, 0x81,
    0x5C, 0x93, 0x3E, 0x00, 0x14, 0x93, 0x40, 0x64, 0x00, 0x93, 0x3C, 0x5A,
    0x00, 0x93, 0x37, 0x55, 0x85, 0x3C, 0x93, 0x37, 0x00, 0x00, 0x93, 0x3C,
    0x00, 0x00, 0x93, 0x40, 0x00, 0x14, 0x93, 0x40, 0x64, 0x00, 0x93, 0x3C,
    0x5A, 0x00, 0x93, 0x37, 0x55, 0x85, 0x3C, 0x93, 0x37, 0x00, 0x00, 0x93,
    0x3C, 0x00, 0x00, 0x93, 0x40, 0x00, 0x83, 0x74, 0x93, 0x3F, 0x64, 0x00,
    0x93, 0x3C, 0x5A, 0x00, 0x93, 0x39, 0x55, 0x85, 0x3C, 0x93, 0x39, 0x00,
    0x00, 0x93, 0x3C, 0x00, 0x00, 0x93, 0x3F, 0x00, 0x14, 0x93, 0x3F, 0x64,
    0x00, 0x93, 0x3C, 0x5A, 0x00, 0x93, 0x39, 0x55, 0x85, 0x3C, 0x93, 0x39,
    0x00, 0x00, 0x93, 0x3C, 0x00, 0x00, 0x93, 0x3F, 0x00, 0x83, 0x74, 0x93,
    0x3E, 0x64, 0x00, 0x93, 0x39, 0x5A, 0x00, 0x93, 0x35, 0x55, 0x85, 0x3C,
    0x93, 0x35, 0x00, 0x00, 0x93, 0x39, 0x00, 0x00, 0x93, 0x3E, 0x00, 0x14,
    0x93, 0x41, 0x64, 0x00, 0x93, 0x3B, 0x5A, 0x00, 0x93, 0x37, 0x55, 0x85,
    0x3C, 0x93, 0x37, 0x00, 0x00, 0x93, 0x3B, 0x00, 0x00, 0x93, 0x41, 0x00,
    0x83, 0x74, 0x93, 0x40, 0x64, 0x00, 0x93, 0x3C, 0x5A, 0x00, 0x93, 0x37,
    0x55, 0x85, 0x3C, 0x93, 0x37, 0x00, 0x00, 0x93, 0x3C, 0x00, 0x00, 0x93,
    0x40, 0x00, 0x14, 0x93, 0x40, 0x5F, 0x00, 0x93, 0x3C, 0x55, 0x00, 0x93,
    0x37, 0x50, 0x83, 0x4C, 0x93, 0x37, 0x00, 0x00, 0x93, 0x3C, 0x00, 0x00,
    0x93, 0x40, 0x00, 0x85, 0x64, 0x93, 0x3E, 0x5F, 0x00, 0x93, 0x3C, 0x5A,
    0x00, 0x93, 0x38, 0x55, 0x00, 0x93, 0x35, 0x50, 0x81, 0x5C, 0x93, 0x35,
    0x00, 0x00, 0x93, 0x38, 0x00, 0x00, 0x93, 0x3C, 0x00, 0x00, 0x93, 0x3E,
    0x00, 0x82, 0x04, 0x93, 0x3E, 0x5F, 0x00, 0x93, 0x3C, 0x5A, 0x00, 0x93,
    0x38, 0x55, 0x00, 0x93, 0x35, 0x50, 0x81, 0x5C, 0x93, 0x35, 0x00, 0x00,
    0x93, 0x38, 0x00, 0x00, 0x93, 0x3C, 0x00, 0x00, 0x93, 0x3E, 0x00, 0x82,
    0x04, 0x93, 0x3E, 0x5F, 0x00, 0x93, 0x3C, 0x5A, 0x00, 0x93, 0x38, 0x55,
    0x00, 0x93, 0x35, 0x50, 0x81, 0x5C, 0x93, 0x35, 0x00, 0x00, 0x93, 0x38,
    0x00, 0x00, 0x93, 0x3C, 0x00, 0x00, 0x93, 0x3E, 0x00, 0x82, 0x04, 0x93,
    0x3E, 0x5F, 0x00, 0x93, 0x3C, 0x5A, 0x00, 0x93, 0x38, 0x55, 0x00, 0x93,
    0x35, 0x50, 0x81, 0x5C, 0x93, 0x35, 0x00, 0x00, 0x93, 0x38, 0x00, 0x00,
    0x93, 0x3C, 0x00, 0x00, 0x93, 0x3E, 0x00, 0x82, 0x04, 0x93, 0x40, 0x5F,
    0x00, 0x93, 0x3C, 0x5A, 0x00, 0x93, 0x3B, 0x55, 0x00, 0x93, 0x37, 0x50,
    0x81, 0x5C, 0x93, 0x37, 0x00, 0x00, 0x93, 0x3B, 0x00, 0x00, 0x93, 0x3C,
    0x00, 0x00, 0x93, 0x40, 0x00, 0x82, 0x04, 0x93, 0x40, 0x5F, 0x00, 0x93,
    0x3C, 0x5A, 0x00, 0x93, 0x3B, 0x55, 0x00, 0x93, 0x37, 0x50, 0x81, 0x5C,
    0x93, 0x37, 0x00, 0x00, 0x93, 0x3B, 0x00, 0x00, 0x93, 0x3C, 0x00, 0x00,
    0x93, 0x40, 0x00, 0x82, 0x04, 0x93, 0x40, 0x5F, 0x00, 0x93, 0x3C, 0x5A,
    0x00, 0x93, 0x3B, 0x55, 0x00, 0x93, 0x37, 0x50, 0x81, 0x5C, 0x93, 0x37,
    0x00, 0x00, 0x93, 0x3B, 0x00, 0x00, 0x93, 0x3C, 0x00, 0x00, 0x93, 0x40,
    0x00, 0x82, 0x04, 0x93, 0x40, 0x5F, 0x00, 0x93, 0x3C, 0x5A, 0x00, 0x93,
    0x3B, 0x55, 0x00, 0x93, 0x37, 0x50, 0x81, 0x5C, 0x93, 0x37, 0x00, 0x00,
    0x93, 0x3B, 0x00, 0x00, 0x93, 0x3C, 0x00, 0x00, 0x93, 0x40, 0x00, 0x82,
    0x04, 0x93, 0x3E, 0x5F, 0x00, 0x93, 0x3C, 0x5A, 0x00, 0x93, 0x38, 0x55,
    0x00, 0x93, 0x35, 0x50, 0x81, 0x5C, 0x93, 0x35, 0x00, 0x00, 0x93, 0x38,
    0x00, 0x00, 0x93, 0x3C, 0x00, 0x00, 0x93, 0x3E, 0x00, 0x82, 0x04, 0x93,
    0x3E, 0x5F, 0x00, 0x93, 0x3C, 0x5A, 0x00, 0x93, 0x38, 0x55, 0x00, 0x93,
    0x35, 0x50, 0x81, 0x5C, 0x93, 0x35, 0x00, 0x00, 0x93, 0x38, 0x00, 0x00,
    0x93, 0x3C, 0x00, 0x00, 0x93, 0x3E, 0x00, 0x82, 0x04, 0x93, 0x3E, 0x5F,
    0x00, 0x93, 0x3C, 0x5A, 0x00, 0x93, 0x38, 0x55, 0x00, 0x93, 0x35, 0x50,
    0x81, 0x5C, 0x93, 0x35, 0x00, 0x00, 0x93, 0x38, 0x00, 0x00, 0x93, 0x3C,
    0x00, 0x00, 0x93, 0x3E, 0x00, 0x82, 0x04, 0x93, 0x3E, 0x5F, 0x00, 0x93,
    0x3C, 0x5A, 0x00, 0x93, 0x38, 0x55, 0x00, 0x93, 0x35, 0x50, 0x81, 0x5C,
    0x93, 0x35, 0x00, 0x00, 0x93, 0x38, 0x00, 0x00, 0x93, 0x3C, 0x00, 0x00,
    0x93, 0x3E, 0x00, 0x82, 0x04, 0x93, 0x40, 0x5F, 0x00, 0x93, 0x3C, 0x5A,
    0x00, 0x93, 0x3B, 0x55, 0x00, 0x93, 0x37, 0x50, 0x81, 0x5C, 0x93, 0x37,
    0x00, 0x00, 0x93, 0x3B, 0x00, 0x00, 0x93, 0x3C, 0x00, 0x00, 0x93, 0x40,
    0x00, 0x82, 0x04, 0x93, 0x40, 0x5F, 0x00, 0x93, 0x3C, 0x5A, 0x00, 0x93,
    0x3B, 0x55, 0x00, 0x93, 0x37, 0x50, 0x81, 0x5C, 0x93, 0x37, 0x00, 0x00,
    0x93, 0x3B, 0x00, 0x00, 0x93, 0x3C, 0x00, 0x00, 0x93, 0x40, 0x00, 0x82,
    0x04, 0x93, 0x40, 0x5F, 0x00, 0x93, 0x3C, 0x5A, 0x00, 0x93, 0x3B, 0x55,
    0x00, 0x93, 0x37, 0x50, 0x81, 0x5C, 0x93, 0x37, 0x00, 0x00, 0x93, 0x3B,
    0x00, 0x00, 0x93, 0x3C, 0x00, 0x00, 0x93, 0x40, 0x00, 0x82, 0x04, 0x93,
    0x40, 0x5F, 0x00, 0x93, 0x3C, 0x5A, 0x00, 0x93, 0x3B, 0x55, 0x00, 0x93,
    0x37, 0x50, 0x81, 0x5C, 0x93, 0x37, 0x00, 0x00, 0x93, 0x3B, 0x00, 0x00,
    0x93, 0x3C, 0x00, 0x00, 0x93, 0x40, 0x00, 0x82, 0x04, 0x93, 0x40, 0x5F,
    0x00, 0x93, 0x3C, 0x5A, 0x00, 0x93, 0x39, 0x55, 0x00, 0x93, 0x37, 0x50,
    0x81, 0x5C, 0x93, 0x37, 0x00, 0x00, 0x93, 0x39, 0x00, 0x00, 0x93, 0x3C,
    0x00, 0x00, 0x93, 0x40, 0x00, 0x82, 0x04, 0x93, 0x40, 0x5F, 0x00, 0x93,
    0x3C, 0x5A, 0x00, 0x93, 0x39, 0x55, 0x00, 0x93, 0x37, 0x50, 0x81, 0x5C,
    0x93, 0x37, 0x00, 0x00, 0x93, 0x39, 0x00, 0x00, 0x93, 0x3C, 0x00, 0x00,
    0x93, 0x40, 0x00, 0x82, 0x04, 0x93, 0x40, 0x5F, 0x00, 0x93, 0x3C, 0x5A,
    0x00, 0x93, 0x39, 0x55, 0x00, 0x93, 0x37, 0x50, 0x81, 0x5C, 0x93, 0x37,
    0x00, 0x00, 0x93, 0x39, 0x00, 0x00, 0x93, 0x3C, 0x00, 0x00, 0x93, 0x40,
    0x00, 0x82, 0x04, 0x93, 0x40, 0x5F, 0x00, 0x93, 0x3C, 0x5A, 0x00, 0x93,
    0x39, 0x55, 0x00, 0x93, 0x37, 0x50, 0x81, 0x5C, 0x93, 0x37, 0x00, 0x00,
    0x93, 0x39, 0x00, 0x00, 0x93, 0x3C, 0x00, 0x00, 0x93, 0x40, 0x00, 0x82,
    0x04, 0x93, 0x40, 0x5F, 0x00, 0x93, 0x3C, 0x5A, 0x00, 0x93, 0x39, 0x55,
    0x00, 0x93, 0x35, 0x50, 0x81, 0x5C, 0x93, 0x35, 0x00, 0x00, 0x93, 0x39,
    0x00, 0x00, 0x93, 0x3C, 0x00, 0x00, 0x93, 0x40, 0x00, 0x82, 0x04, 0x93,
    0x40, 0x5F, 0x00, 0x93, 0x3C, 0x5A, 0x00, 0x93, 0x39, 0x55, 0x00, 0x93,
    0x35, 0x50, 0x81, 0x5C, 0x93, 0x35, 0x00, 0x00, 0x93, 0x39, 0x00, 0x00,
    0x93, 0x3C, 0x00, 0x00, 0x93, 0x40, 0x00, 0x82, 0x04, 0x93, 0x40, 0x5F,
    0x00, 0x93, 0x3C, 0x5A, 0x00, 0x93, 0x39, 0x55, 0x00, 0x93, 0x35, 0x50,
    0x81, 0x5C, 0x93, 0x35, 0x00, 0x00, 0x93, 0x39, 0x00, 0x00, 0x93, 0x3C,
    0x00, 0x00, 0x93, 0x40, 0x00, 0x82, 0x04, 0x93, 0x40, 0x5F, 0x00, 0x93,
    0x3C, 0x5A, 0x00, 0x93, 0x39, 0x55, 0x00, 0x93, 0x35, 0x50, 0x81, 0x5C,
    0x93, 0x35, 0x00, 0x00, 0x93, 0x39, 0x00, 0x00, 0x93, 0x3C, 0x00, 0x00,
    0x93, 0x40, 0x00, 0x82, 0x04, 0x93, 0x3E, 0x5F, 0x00, 0x93, 0x3C, 0x5A,
    0x00, 0x93, 0x39, 0x55, 0x00, 0x93, 0x36, 0x50, 0x81, 0x5C, 0x93, 0x36,
    0x00, 0x00, 0x93, 0x39, 0x00, 0x00, 0x93, 0x3C, 0x00, 0x00, 0x93, 0x3E,
    0x00, 0x82, 0x04, 0x93, 0x3E, 0x5F, 0x00, 0x93, 0x3C, 0x5A, 0x00, 0x93,
    0x39, 0x55, 0x00, 0x93, 0x36, 0x50, 0x81, 0x5C, 0x93, 0x36, 0x00, 0x00,
    0x93, 0x39, 0x00, 0x00, 0x93, 0x3C, 0x00, 0x00, 0x93, 0x3E, 0x00, 0x82,
    0x04, 0x93, 0x3E, 0x5F, 0x00, 0x93, 0x3C, 0x5A, 0x00, 0x93, 0x39, 0x55,
    0x00, 0x93, 0x36, 0x50, 0x81, 0x5C, 0x93, 0x36, 0x00, 0x00, 0x93, 0x39,
    0x00, 0x00, 0x93, 0x3C, 0x00, 0x00, 0x93, 0x3E, 0x00, 0x82, 0x04, 0x93,
    0x3E, 0x5F, 0x00, 0x93, 0x3C, 0x5A, 0x00, 0x93, 0x36, 0x55, 0x81, 0x5C,
    0x93, 0x36, 0x00, 0x00, 0x93, 0x3C, 0x00, 0x00, 0x93, 0x3E, 0x00, 0x14,
    0x93, 0x3E, 0x5F, 0x00, 0x93, 0x37, 0x5A, 0x00, 0x93, 0x35, 0x55, 0x83,
    0x4C, 0x93, 0x35, 0x00, 0x00, 0x93, 0x37, 0x00, 0x00, 0x93, 0x3E, 0x00,
    0x83, 0x74, 0x93, 0x3E, 0x5A, 0x00, 0x93, 0x37, 0x55, 0x00, 0x93, 0x35,
    0x50, 0x83, 0x4C, 0x93, 0x35, 0x00, 0x00, 0x93, 0x37, 0x00, 0x00, 0x93,
    0x3E, 0x00, 0x85, 0x64, 0x93, 0x40, 0x64, 0x00, 0x93, 0x3C, 0x5A, 0x00,
    0x93, 0x37, 0x55, 0x85, 0x3C, 0x93, 0x37, 0x00, 0x00, 0x93, 0x3C, 0x00,
    0x00, 0x93, 0x40, 0x00, 0x14, 0x93, 0x40, 0x64, 0x00, 0x93, 0x3C, 0x5A,
    0x00, 0x93, 0x37, 0x55, 0x85, 0x3C, 0x93, 0x37, 0x00, 0x00, 0x93, 0x3C,
    0x00, 0x00, 0x93, 0x40, 0x00, 0x83, 0x74, 0x93, 0x3F, 0x64, 0x00, 0x93,
    0x3C, 0x5A, 0x00, 0x93, 0x39, 0x55, 0x85, 0x3C, 0x93, 0x39, 0x00, 0x00,
    0x93, 0x3C, 0x00, 0x00, 0x93, 0x3F, 0x00, 0x14, 0x93, 0x3F, 0x64, 0x00,
    0x93, 0x3C, 0x5A, 0x00, 0x93, 0x39, 0x55, 0x85, 0x3C, 0x93, 0x39, 0x00,
    0x00, 0x93, 0x3C, 0x00, 0x00, 0x93, 0x3F, 0x00, 0x83, 0x74, 0x93, 0x3E,
    0x64, 0x00, 0x93, 0x39, 0x5A, 0x00, 0x93, 0x35, 0x55, 0x85, 0x3C, 0x93,
    0x35, 0x00, 0x00, 0x93, 0x39, 0x00, 0x00, 0x93, 0x3E, 0x00, 0x14, 0x93,
    0x41, 0x64, 0x00, 0x93, 0x3B, 0x5A, 0x00, 0x93, 0x37, 0x55, 0x85, 0x3C,
    0x93, 0x37, 0x00, 0x00, 0x93, 0x3B, 0x00, 0x00, 0x93, 0x41, 0x00, 0x83,
    0x74, 0x93, 0x40, 0x64, 0x00, 0x93, 0x3C, 0x5A, 0x00, 0x93, 0x37, 0x55,
    0x85, 0x3C, 0x93, 0x37, 0x00, 0x00, 0x93, 0x3C, 0x00, 0x00, 0x93, 0x40,
    0x00, 0x14, 0x93, 0x40, 0x64, 0x00, 0x93, 0x3C, 0x5A, 0x00, 0x93, 0x37,
    0x55, 0x83, 0x4C, 0x93, 0x37, 0x00, 0x00, 0x93, 0x3C, 0x00, 0x00, 0x93,
    0x40, 0x00, 0x14, 0x93, 0x37, 0x5A, 0x81, 0x5C, 0x93, 0x37, 0x00, 0x14,
    0x93, 0x3C, 0x5F, 0x81, 0x5C, 0x93, 0x3C, 0x00, 0x14, 0x93, 0x3E, 0x5A,
    0x81, 0x5C, 0x93, 0x3E, 0x00, 0x14, 0x93, 0x40, 0x64, 0x00, 0x93, 0x3C,
    0x5A, 0x00, 0x93, 0x37, 0x55, 0x85, 0x3C, 0x93, 0x37, 0x00, 0x00, 0x93,
    0x3C, 0x00, 0x00, 0x93, 0x40, 0x00, 0x14, 0x93, 0x40, 0x64, 0x00, 0x93,
    0x3C, 0x5A, 0x00, 0x93, 0x37, 0x55, 0x85, 0x3C, 0x93, 0x37, 0x00, 0x00,
    0x93, 0x3C, 0x00, 0x00, 0x93, 0x40, 0x00, 0x83, 0x74, 0x93, 0x3F, 0x64,
    0x00, 0x93, 0x3C, 0x5A, 0x00, 0x93, 0x39, 0x55, 0x85, 0x3C, 0x93, 0x39,
    0x00, 0x00, 0x93, 0x3C, 0x00, 0x00, 0x93, 0x3F, 0x00, 0x14, 0x93, 0x3F,
    0x64, 0x00, 0x93, 0x3C, 0x5A, 0x00, 0x93, 0x39, 0x55, 0x85, 0x3C, 0x93,
    0x39, 0x00, 0x00, 0x93, 0x3C, 0x00, 0x00, 0x93, 0x3F, 0x00, 0x83, 0x74,
    0x93, 0x3E, 0x64, 0x00, 0x93, 0x39, 0x5A, 0x00, 0x93, 0x35, 0x55, 0x85,
    0x3C, 0x93, 0x35, 0x00, 0x00, 0x93, 0x39, 0x00, 0x00, 0x93, 0x3E, 0x00,
    0x14, 0x93, 0x41, 0x64, 0x00, 0x93, 0x3B, 0x5A, 0x00, 0x93, 0x37, 0x55,
    0x85, 0x3C, 0x93, 0x37, 0x00, 0x00, 0x93, 0x3B, 0x00, 0x00, 0x93, 0x41,
    0x00, 0x83, 0x74, 0x93, 0x40, 0x64, 0x00, 0x93, 0x3C, 0x5A, 0x00, 0x93,
    0x37, 0x55, 0x85, 0x3C, 0x93, 0x37, 0x00, 0x00, 0x93, 0x3C, 0x00, 0x00,
    0x93, 0x40, 0x00, 0x14, 0x93, 0x40, 0x5F, 0x00, 0x93, 0x3C, 0x55, 0x00,
    0x93, 0x37, 0x50, 0x85, 0x3C, 0x93, 0x37, 0x00, 0x00, 0x93, 0x3C, 0x00,
    0x00, 0x93, 0x40, 0x00, 0x00, 0xFF, 0x2F, 0x00, 0x4D, 0x54, 0x72, 0x6B,
    0x00, 0x00, 0x00, 0x69, 0x00, 0xFF, 0x7F, 0x04, 0x43, 0x00, 0x01, 0x00,
    0x00, 0xFF, 0x03, 0x24, 0x20, 0x20, 0x20, 0x20, 0x20, 0x20, 0x20, 0x20,
    0x20, 0x20, 0x20, 0x20, 0x20, 0x20, 0x20, 0x20, 0x20, 0x20, 0x20, 0x20,
    0x20, 0x20, 0x20, 0x20, 0x20, 0x20, 0x20, 0x20, 0x20, 0x20, 0x20, 0x20,
    0x20, 0x20, 0x20, 0x20, 0x00, 0xFF, 0x21, 0x01, 0x00, 0x87, 0x68, 0xB4,
    0x00, 0x00, 0x0A, 0xB4, 0x20, 0x00, 0x0A, 0xC4, 0x00, 0x0A, 0xB4, 0x07,
    0x78, 0x0A, 0xB4, 0x0B, 0x6E, 0x0A, 0xB4, 0x0A, 0x40, 0x0A, 0xB4, 0x5B,
    0x28, 0x0A, 0xB4, 0x5D, 0x00, 0x0A, 0xB4, 0x5E, 0x00, 0x0A, 0xB4, 0x65,
    0x00, 0x0A, 0xB4, 0x64, 0x00, 0x0A, 0xB4, 0x06, 0x0C, 0x00, 0xFF, 0x2F,
    0x00, 0x4D, 0x54, 0x72, 0x6B, 0x00, 0x00, 0x00, 0x69, 0x00, 0xFF, 0x7F,
    0x04, 0x43, 0x00, 0x01, 0x00, 0x00, 0xFF, 0x03, 0x24, 0x20, 0x20, 0x20,
    0x20, 0x20, 0x20, 0x20, 0x20, 0x20, 0x20, 0x20, 0x20, 0x20, 0x20, 0x20,
    0x20, 0x20, 0x20, 0x20, 0x20, 0x20, 0x20, 0x20, 0x20, 0x20, 0x20, 0x20,
    0x20, 0x20, 0x20, 0x20, 0x20, 0x20, 0x20, 0x20, 0x20, 0x00, 0xFF, 0x21,
    0x01, 0x00, 0x87, 0x72, 0xB5, 0x00, 0x00, 0x0A, 0xB5, 0x20, 0x00, 0x0A,
    0xC5, 0x00, 0x0A, 0xB5, 0x07, 0x78, 0x0A, 0xB5, 0x0B, 0x6E, 0x0A, 0xB5,
    0x0A, 0x40, 0x0A, 0xB5, 0x5B, 0x28, 0x0A, 0xB5, 0x5D, 0x00, 0x0A, 0xB5,
    0x5E, 0x00, 0x0A, 0xB5, 0x65, 0x00, 0x0A, 0xB5, 0x64, 0x00, 0x0A, 0xB5,
    0x06, 0x0C, 0x00, 0xFF, 0x2F, 0x00, 0x4D, 0x54, 0x72, 0x6B, 0x00, 0x00,
    0x00, 0x69, 0x00, 0xFF, 0x7F, 0x04, 0x43, 0x00, 0x01, 0x00, 0x00, 0xFF,
    0x03, 0x24, 0x20, 0x20, 0x20, 0x20, 0x20, 0x20, 0x20, 0x20, 0x20, 0x20,
    0x20, 0x20, 0x20, 0x20, 0x20, 0x20, 0x20, 0x20, 0x20, 0x20, 0x20, 0x20,
    0x20, 0x20, 0x20, 0x20, 0x20, 0x20, 0x20, 0x20, 0x20, 0x20, 0x20, 0x20,
    0x20, 0x20, 0x00, 0xFF, 0x21, 0x01, 0x00, 0x87, 0x7C, 0xB6, 0x00, 0x00,
    0x0A, 0xB6, 0x20, 0x00, 0x0A, 0xC6, 0x00, 0x0A, 0xB6, 0x07, 0x78, 0x0A,
    0xB6, 0x0B, 0x6E, 0x0A, 0xB6, 0x0A, 0x40, 0x0A, 0xB6, 0x5B, 0x28, 0x0A,
    0xB6, 0x5D, 0x00, 0x0A, 0xB6, 0x5E, 0x00, 0x0A, 0xB6, 0x65, 0x00, 0x0A,
    0xB6, 0x64, 0x00, 0x0A, 0xB6, 0x06, 0x0C, 0x00, 0xFF, 0x2F, 0x00, 0x4D,
    0x54, 0x72, 0x6B, 0x00, 0x00, 0x00, 0x69, 0x00, 0xFF, 0x7F, 0x04, 0x43,
    0x00, 0x01, 0x00, 0x00, 0xFF, 0x03, 0x24, 0x20, 0x20, 0x20, 0x20, 0x20,
    0x20, 0x20, 0x20, 0x20, 0x20, 0x20, 0x20, 0x20, 0x20, 0x20, 0x20, 0x20,
    0x20, 0x20, 0x20, 0x20, 0x20, 0x20, 0x20, 0x20, 0x20, 0x20, 0x20, 0x20,
    0x20, 0x20, 0x20, 0x20, 0x20, 0x20, 0x20, 0x00, 0xFF, 0x21, 0x01, 0x00,
    0x88, 0x06, 0xB7, 0x00, 0x00, 0x0A, 0xB7, 0x20, 0x00, 0x0A, 0xC7, 0x00,
    0x0A, 0xB7, 0x07, 0x78, 0x0A, 0xB7, 0x0B, 0x6E, 0x0A, 0xB7, 0x0A, 0x40,
    0x0A, 0xB7, 0x5B, 0x28, 0x0A, 0xB7, 0x5D, 0x00, 0x0A, 0xB7, 0x5E, 0x00,
    0x0A, 0xB7, 0x65, 0x00, 0x0A, 0xB7, 0x64, 0x00, 0x0A, 0xB7, 0x06, 0x0C,
    0x00, 0xFF, 0x2F, 0x00, 0x4D, 0x54, 0x72, 0x6B, 0x00, 0x00, 0x00, 0x69,
    0x00, 0xFF, 0x7F, 0x04, 0x43, 0x00, 0x01, 0x00, 0x00, 0xFF, 0x03, 0x24,
    0x20, 0x20, 0x20, 0x20, 0x20, 0x20, 0x20, 0x20, 0x20, 0x20, 0x20, 0x20,
    0x20, 0x20, 0x20, 0x20, 0x20, 0x20, 0x20, 0x20, 0x20, 0x20, 0x20, 0x20,
    0x20, 0x20, 0x20, 0x20, 0x20, 0x20, 0x20, 0x20, 0x20, 0x20, 0x20, 0x20,
    0x00, 0xFF, 0x21, 0x01, 0x00, 0x88, 0x10, 0xB8, 0x00, 0x00, 0x0A, 0xB8,
    0x20, 0x00, 0x0A, 0xC8, 0x00, 0x0A, 0xB8, 0x07, 0x78, 0x0A, 0xB8, 0x0B,
    0x6E, 0x0A, 0xB8, 0x0A, 0x40, 0x0A, 0xB8, 0x5B, 0x28, 0x0A, 0xB8, 0x5D,
    0x00, 0x0A, 0xB8, 0x5E, 0x00, 0x0A, 0xB8, 0x65, 0x00, 0x0A, 0xB8, 0x64,
    0x00, 0x0A, 0xB8, 0x06, 0x0C, 0x00, 0xFF, 0x2F, 0x00, 0x4D, 0x54, 0x72,
    0x6B, 0x00, 0x00, 0x0A, 0x79, 0x00, 0xFF, 0x7F, 0x04, 0x43, 0x00, 0x01,
    0x00, 0x00, 0xFF, 0x03, 0x24, 0x44, 0x72, 0x75, 0x6D, 0x73, 0x20, 0x20,
    0x20, 0x20, 0x20, 0x20, 0x20, 0x20, 0x20, 0x20, 0x20, 0x20, 0x20, 0x20,
    0x20, 0x20, 0x20, 0x20, 0x20, 0x20, 0x20, 0x20, 0x20, 0x20, 0x20, 0x20,
    0x20, 0x20, 0x20, 0x20, 0x20, 0x00, 0xFF, 0x21, 0x01, 0x00, 0x88, 0x1A,
    0xB9, 0x00, 0x00, 0x0A, 0xB9, 0x20, 0x00, 0x0A, 0xC9, 0x00, 0x0A, 0xB9,
    0x07, 0x6E, 0x0A, 0xB9, 0x0B, 0x6E, 0x0A, 0xB9, 0x0A, 0x40, 0x0A, 0xB9,
    0x5B, 0x1E, 0x0A, 0xB9, 0x5D, 0x00, 0x0A, 0xB9, 0x5E, 0x00, 0x0A, 0xB9,
    0x65, 0x00, 0x0A, 0xB9, 0x64, 0x00, 0x0A, 0xB9, 0x06, 0x0C, 0x85, 0x78,
    0x99, 0x24, 0x6A, 0x00, 0x99, 0x2A, 0x4E, 0x0A, 0x99, 0x2A, 0x00, 0x00,
    0x99, 0x24, 0x00, 0x81, 0x66, 0x99, 0x2A, 0x24, 0x0A, 0x99, 0x2A, 0x00,
    0x81, 0x66, 0x99, 0x26, 0x6A, 0x00, 0x99, 0x2A, 0x6A, 0x0A, 0x99, 0x2A,
    0x00, 0x00, 0x99, 0x26, 0x00, 0x81, 0x66, 0x99, 0x24, 0x4E, 0x00, 0x99,
    0x2A, 0x24, 0x0A, 0x99, 0x2A, 0x00, 0x00, 0x99, 0x24, 0x00, 0x81, 0x66,
    0x99, 0x2A, 0x4E, 0x0A, 0x99, 0x2A, 0x00, 0x81, 0x66, 0x99, 0x2A, 0x24,
    0x0A, 0x99, 0x2A, 0x00, 0x81, 0x66, 0x99, 0x26, 0x6A, 0x00, 0x99, 0x2A,
    0x6A, 0x0A, 0x99, 0x2A, 0x00, 0x00, 0x99, 0x26, 0x00, 0x81, 0x66, 0x99,
    0x24, 0x5C, 0x00, 0x99, 0x2A, 0x24, 0x0A, 0x99, 0x2A, 0x00, 0x00, 0x99,
    0x24, 0x00, 0x81, 0x66, 0x99, 0x24, 0x6A, 0x00, 0x99, 0x2A, 0x4E, 0x0A,
    0x99, 0x2A, 0x00, 0x00, 0x99, 0x24, 0x00, 0x81, 0x66, 0x99, 0x2A, 0x24,
    0x0A, 0x99, 0x2A, 0x00, 0x81, 0x66, 0x99, 0x26, 0x6A, 0x00, 0x99, 0x2A,
    0x6A, 0x0A, 0x99, 0x2A, 0x00, 0x00, 0x99, 0x26, 0x00, 0x81, 0x66, 0x99,
    0x24, 0x4E, 0x00, 0x99, 0x2A, 0x24, 0x0A, 0x99, 0x2A, 0x00, 0x00, 0x99,
    0x24, 0x00, 0x81, 0x66, 0x99, 0x2A, 0x4E, 0x0A, 0x99, 0x2A, 0x00, 0x81,
    0x66, 0x99, 0x2A, 0x24, 0x0A, 0x99, 0x2A, 0x00, 0x81, 0x66, 0x99, 0x26,
    0x6A, 0x00, 0x99, 0x2A, 0x6A, 0x0A, 0x99, 0x2A, 0x00, 0x00, 0x99, 0x26,
    0x00, 0x81, 0x66, 0x99, 0x24, 0x5C, 0x00, 0x99, 0x2A, 0x24, 0x0A, 0x99,
    0x2A, 0x00, 0x00, 0x99, 0x24, 0x00, 0x81, 0x66, 0x99, 0x24, 0x6A, 0x00,
    0x99, 0x2A, 0x4E, 0x0A, 0x99, 0x2A, 0x00, 0x00, 0x99, 0x24, 0x00, 0x81,
    0x66, 0x99, 0x2A, 0x24, 0x0A, 0x99, 0x2A, 0x00, 0x81, 0x66, 0x99, 0x26,
    0x6A, 0x00, 0x99, 0x2A, 0x6A, 0x0A, 0x99, 0x2A, 0x00, 0x00, 0x99, 0x26,
    0x00, 0x81, 0x66, 0x99, 0x24, 0x4E, 0x00, 0x99, 0x2A, 0x24, 0x0A, 0x99,
    0x2A, 0x00, 0x00, 0x99, 0x24, 0x00, 0x81, 0x66, 0x99, 0x2A, 0x4E, 0x0A,
    0x99, 0x2A, 0x00, 0x81, 0x66, 0x99, 0x2A, 0x24, 0x0A, 0x99, 0x2A, 0x00,
    0x81, 0x66, 0x99, 0x26, 0x6A, 0x00, 0x99, 0x2A, 0x6A, 0x0A, 0x99, 0x2A,
    0x00, 0x00, 0x99, 0x26, 0x00, 0x81, 0x66, 0x99, 0x24, 0x5C, 0x00, 0x99,
    0x2A, 0x24, 0x0A, 0x99, 0x2A, 0x00, 0x00, 0x99, 0x24, 0x00, 0x81, 0x66,
    0x99, 0x24, 0x6A, 0x00, 0x99, 0x2A, 0x4E, 0x0A, 0x99, 0x2A, 0x00, 0x00,
    0x99, 0x24, 0x00, 0x81, 0x66, 0x99, 0x2A, 0x24, 0x0A, 0x99, 0x2A, 0x00,
    0x81, 0x66, 0x99, 0x26, 0x6A, 0x00, 0x99, 0x2A, 0x6A, 0x0A, 0x99, 0x2A,
    0x00, 0x00, 0x99, 0x26, 0x00, 0x81, 0x66, 0x99, 0x24, 0x4E, 0x00, 0x99,
    0x2A, 0x24, 0x0A, 0x99, 0x2A, 0x00, 0x00, 0x99, 0x24, 0x00, 0x81, 0x66,
    0x99, 0x2A, 0x4E, 0x0A, 0x99, 0x2A, 0x00, 0x81, 0x66, 0x99, 0x2A, 0x24,
    0x0A, 0x99, 0x2A, 0x00, 0x81, 0x66, 0x99, 0x26, 0x6A, 0x00, 0x99, 0x2A,
    0x6A, 0x0A, 0x99, 0x2A, 0x00, 0x00, 0x99, 0x26, 0x00, 0x81, 0x66, 0x99,
    0x2E, 0x5C, 0x0A, 0x99, 0x2E, 0x00, 0x81, 0x66, 0x99, 0x24, 0x6A, 0x00,
    0x99, 0x2A, 0x4E, 0x0A, 0x99, 0x2A, 0x00, 0x00, 0x99, 0x24, 0x00, 0x81,
    0x66, 0x99, 0x2A, 0x24, 0x0A, 0x99, 0x2A, 0x00, 0x81, 0x66, 0x99, 0x26,
    0x6A, 0x00, 0x99, 0x2A, 0x6A, 0x0A, 0x99, 0x2A, 0x00, 0x00, 0x99, 0x26,
    0x00, 0x81, 0x66, 0x99, 0x24, 0x4E, 0x00, 0x99, 0x2A, 0x24, 0x0A, 0x99,
    0x2A, 0x00, 0x00, 0x99, 0x24, 0x00, 0x81, 0x66, 0x99, 0x2A, 0x4E, 0x0A,
    0x99, 0x2A, 0x00, 0x81, 0x66, 0x99, 0x2A, 0x24, 0x0A, 0x99, 0x2A, 0x00,
    0x81, 0x66, 0x99, 0x26, 0x6A, 0x00, 0x99, 0x2A, 0x6A, 0x0A, 0x99, 0x2A,
    0x00, 0x00, 0x99, 0x26, 0x00, 0x81, 0x66, 0x99, 0x24, 0x5C, 0x00, 0x99,
    0x2A, 0x24, 0x0A, 0x99, 0x2A, 0x00, 0x00, 0x99, 0x24, 0x00, 0x81, 0x66,
    0x99, 0x24, 0x6A, 0x00, 0x99, 0x2A, 0x4E, 0x0A, 0x99, 0x2A, 0x00, 0x00,
    0x99, 0x24, 0x00, 0x81, 0x66, 0x99, 0x2A, 0x24, 0x0A, 0x99, 0x2A, 0x00,
    0x81, 0x66, 0x99, 0x26, 0x6A, 0x00, 0x99, 0x2A, 0x6A, 0x0A, 0x99, 0x2A,
    0x00, 0x00, 0x99, 0x26, 0x00, 0x81, 0x66, 0x99, 0x24, 0x4E, 0x00, 0x99,
    0x2A, 0x24, 0x0A, 0x99, 0x2A, 0x00, 0x00, 0x99, 0x24, 0x00, 0x81, 0x66,
    0x99, 0x2A, 0x4E, 0x0A, 0x99, 0x2A, 0x00, 0x81, 0x66, 0x99, 0x2A, 0x24,
    0x0A, 0x99, 0x2A, 0x00, 0x81, 0x66, 0x99, 0x26, 0x6A, 0x00, 0x99, 0x2A,
    0x6A, 0x0A, 0x99, 0x2A, 0x00, 0x00, 0x99, 0x26, 0x00, 0x81, 0x66, 0x99,
    0x24, 0x5C, 0x00, 0x99, 0x2A, 0x24, 0x0A, 0x99, 0x2A, 0x00, 0x00, 0x99,
    0x24, 0x00, 0x81, 0x66, 0x99, 0x24, 0x6A, 0x00, 0x99, 0x2A, 0x4E, 0x0A,
    0x99, 0x2A, 0x00, 0x00, 0x99, 0x24, 0x00, 0x81, 0x66, 0x99, 0x2A, 0x24,
    0x0A, 0x99, 0x2A, 0x00, 0x81, 0x66, 0x99, 0x26, 0x6A, 0x00, 0x99, 0x2A,
    0x6A, 0x0A, 0x99, 0x2A, 0x00, 0x00, 0x99, 0x26, 0x00, 0x81, 0x66, 0x99,
    0x24, 0x4E, 0x00, 0x99, 0x2A, 0x24, 0x0A, 0x99, 0x2A, 0x00, 0x00, 0x99,
    0x24, 0x00, 0x81, 0x66, 0x99, 0x2A, 0x4E, 0x0A, 0x99, 0x2A, 0x00, 0x81,
    0x66, 0x99, 0x2A, 0x24, 0x0A, 0x99, 0x2A, 0x00, 0x81, 0x66, 0x99, 0x26,
    0x6A, 0x00, 0x99, 0x2A, 0x6A, 0x0A, 0x99, 0x2A, 0x00, 0x00, 0x99, 0x26,
    0x00, 0x81, 0x66, 0x99, 0x24, 0x5C, 0x00, 0x99, 0x2A, 0x24, 0x0A, 0x99,
    0x2A, 0x00, 0x00, 0x99, 0x24, 0x00, 0x81, 0x66, 0x99, 0x2A, 0x4E, 0x00,
    0x99, 0x24, 0x6A, 0x0A, 0x99, 0x24, 0x00, 0x00, 0x99, 0x2A, 0x00, 0x81,
    0x66, 0x99, 0x2A, 0x24, 0x0A, 0x99, 0x2A, 0x00, 0x81, 0x66, 0x99, 0x2A,
    0x6A, 0x00, 0x99, 0x26, 0x6A, 0x0A, 0x99, 0x26, 0x00, 0x00, 0x99, 0x2A,
    0x00, 0x81, 0x66, 0x99, 0x2E, 0x5C, 0x00, 0x99, 0x24, 0x4E, 0x0A, 0x99,
    0x24, 0x00, 0x00, 0x99, 0x2E, 0x00, 0x81, 0x66, 0x99, 0x2A, 0x08, 0x0A,
    0x99, 0x2A, 0x00, 0x81, 0x66, 0x99, 0x30, 0x4E, 0x0A, 0x99, 0x30, 0x00,
    0x81, 0x66, 0x99, 0x2D, 0x4E, 0x0A, 0x99, 0x2D, 0x00, 0x81, 0x66, 0x99,
    0x29, 0x5C, 0x0A, 0x99, 0x29, 0x00, 0x81, 0x66, 0x99, 0x24, 0x6A, 0x00,
    0x99, 0x33, 0x5C, 0x0A, 0x99, 0x33, 0x00, 0x00, 0x99, 0x24, 0x00, 0x81,
    0x66, 0x99, 0x2A, 0x24, 0x0A, 0x99, 0x2A, 0x00, 0x81, 0x66, 0x99, 0x26,
    0x6A, 0x00, 0x99, 0x2A, 0x6A, 0x0A, 0x99, 0x2A, 0x00, 0x00, 0x99, 0x26,
    0x00, 0x81, 0x66, 0x99, 0x24, 0x4E, 0x00, 0x99, 0x2A, 0x24, 0x0A, 0x99,
    0x2A, 0x00, 0x00, 0x99, 0x24, 0x00, 0x81, 0x66, 0x99, 0x24, 0x6A, 0x00,
    0x99, 0x2A, 0x4E, 0x0A, 0x99, 0x2A, 0x00, 0x00, 0x99, 0x24, 0x00, 0x81,
    0x66, 0x99, 0x2A, 0x24, 0x0A, 0x99, 0x2A, 0x00, 0x81, 0x66, 0x99, 0x26,
    0x6A, 0x00, 0x99, 0x2A, 0x6A, 0x0A, 0x99, 0x2A, 0x00, 0x00, 0x99, 0x26,
    0x00, 0x81, 0x66, 0x99, 0x24, 0x5C, 0x00, 0x99, 0x2A, 0x24, 0x0A, 0x99,
    0x2A, 0x00, 0x00, 0x99, 0x24, 0x00, 0x81, 0x66, 0x99, 0x24, 0x6A, 0x00,
    0x99, 0x2A, 0x4E, 0x0A, 0x99, 0x2A, 0x00, 0x00, 0x99, 0x24, 0x00, 0x81,
    0x66, 0x99, 0x2A, 0x24, 0x0A, 0x99, 0x2A, 0x00, 0x81, 0x66, 0x99, 0x26,
    0x6A, 0x00, 0x99, 0x2A, 0x6A, 0x0A, 0x99, 0x2A, 0x00, 0x00, 0x99, 0x26,
    0x00, 0x81, 0x66, 0x99, 0x24, 0x4E, 0x00, 0x99, 0x2A, 0x24, 0x0A, 0x99,
    0x2A, 0x00, 0x00, 0x99, 0x24, 0x00, 0x81, 0x66, 0x99, 0x24, 0x6A, 0x00,
    0x99, 0x2A, 0x4E, 0x0A, 0x99, 0x2A, 0x00, 0x00, 0x99, 0x24, 0x00, 0x81,
    0x66, 0x99, 0x2A, 0x24, 0x0A, 0x99, 0x2A, 0x00, 0x81, 0x66, 0x99, 0x26,
    0x6A, 0x00, 0x99, 0x2A, 0x6A, 0x0A, 0x99, 0x2A, 0x00, 0x00, 0x99, 0x26,
    0x00, 0x81, 0x66, 0x99, 0x24, 0x5C, 0x00, 0x99, 0x2A, 0x24, 0x0A, 0x99,
    0x2A, 0x00, 0x00, 0x99, 0x24, 0x00, 0x81, 0x66, 0x99, 0x24, 0x6A, 0x00,
    0x99, 0x2A, 0x4E, 0x0A, 0x99, 0x2A, 0x00, 0x00, 0x99, 0x24, 0x00, 0x81,
    0x66, 0x99, 0x2A, 0x24, 0x0A, 0x99, 0x2A, 0x00, 0x81, 0x66, 0x99, 0x26,
    0x6A, 0x00, 0x99, 0x2A, 0x6A, 0x0A, 0x99, 0x2A, 0x00, 0x00, 0x99, 0x26,
    0x00, 0x81, 0x66, 0x99, 0x24, 0x4E, 0x00, 0x99, 0x2A, 0x24, 0x0A, 0x99,
    0x2A, 0x00, 0x00, 0x99, 0x24, 0x00, 0x81, 0x66, 0x99, 0x24, 0x6A, 0x00,
    0x99, 0x2A, 0x4E, 0x0A, 0x99, 0x2A, 0x00, 0x00, 0x99, 0x24, 0x00, 0x81,
    0x66, 0x99, 0x2A, 0x24, 0x0A, 0x99, 0x2A, 0x00, 0x81, 0x66, 0x99, 0x26,
    0x6A, 0x00, 0x99, 0x2A, 0x6A, 0x0A, 0x99, 0x2A, 0x00, 0x00, 0x99, 0x26,
    0x00, 0x81, 0x66, 0x99, 0x24, 0x5C, 0x00, 0x99, 0x2A, 0x24, 0x0A, 0x99,
    0x2A, 0x00, 0x00, 0x99, 0x24, 0x00, 0x81, 0x66, 0x99, 0x24, 0x6A, 0x00,
    0x99, 0x2A, 0x4E, 0x0A, 0x99, 0x2A, 0x00, 0x00, 0x99, 0x24, 0x00, 0x81,
    0x66, 0x99, 0x2A, 0x24, 0x0A, 0x99, 0x2A, 0x00, 0x81, 0x66, 0x99, 0x26,
    0x6A, 0x00, 0x99, 0x2A, 0x6A, 0x0A, 0x99, 0x2A, 0x00, 0x00, 0x99, 0x26,
    0x00, 0x81, 0x66, 0x99, 0x24, 0x4E, 0x00, 0x99, 0x2A, 0x24, 0x0A, 0x99,
    0x2A, 0x00, 0x00, 0x99, 0x24, 0x00, 0x81, 0x66, 0x99, 0x2A, 0x4E, 0x0A,
    0x99, 0x2A, 0x00, 0x81, 0x66, 0x99, 0x24, 0x6A, 0x00, 0x99, 0x2A, 0x24,
    0x0A, 0x99, 0x2A, 0x00, 0x00, 0x99, 0x24, 0x00, 0x81, 0x66, 0x99, 0x26,
    0x6A, 0x00, 0x99, 0x2A, 0x6A, 0x0A, 0x99, 0x2A, 0x00, 0x00, 0x99, 0x26,
    0x00, 0x81, 0x66, 0x99, 0x2E, 0x5C, 0x0A, 0x99, 0x2E, 0x00, 0x81, 0x66,
    0x99, 0x24, 0x6A, 0x00, 0x99, 0x2A, 0x4E, 0x0A, 0x99, 0x2A, 0x00, 0x00,
    0x99, 0x24, 0x00, 0x81, 0x66, 0x99, 0x2A, 0x24, 0x0A, 0x99, 0x2A, 0x00,
    0x81, 0x66, 0x99, 0x26, 0x6A, 0x00, 0x99, 0x2A, 0x6A, 0x0A, 0x99, 0x2A,
    0x00, 0x00, 0x99, 0x26, 0x00, 0x81, 0x66, 0x99, 0x24, 0x4E, 0x00, 0x99,
    0x2A, 0x24, 0x0A, 0x99, 0x2A, 0x00, 0x00, 0x99, 0x24, 0x00, 0x81, 0x66,
    0x99, 0x24, 0x6A, 0x00, 0x99, 0x2A, 0x4E, 0x0A, 0x99, 0x2A, 0x00, 0x00,
    0x99, 0x24, 0x00, 0x81, 0x66, 0x99, 0x2A, 0x24, 0x0A, 0x99, 0x2A, 0x00,
    0x81, 0x66, 0x99, 0x26, 0x6A, 0x00, 0x99, 0x2A, 0x6A, 0x0A, 0x99, 0x2A,
    0x00, 0x00, 0x99, 0x26, 0x00, 0x81, 0x66, 0x99, 0x24, 0x5C, 0x00, 0x99,
    0x2A, 0x24, 0x0A, 0x99, 0x2A, 0x00, 0x00, 0x99, 0x24, 0x00, 0x81, 0x66,
    0x99, 0x24, 0x6A, 0x00, 0x99, 0x2A, 0x4E, 0x0A, 0x99, 0x2A, 0x00, 0x00,
    0x99, 0x24, 0x00, 0x81, 0x66, 0x99, 0x2A, 0x24, 0x0A, 0x99, 0x2A, 0x00,
    0x81, 0x66, 0x99, 0x26, 0x6A, 0x00, 0x99, 0x2A, 0x6A, 0x0A, 0x99, 0x2A,
    0x00, 0x00, 0x99, 0x26, 0x00, 0x81, 0x66, 0x99, 0x24, 0x4E, 0x00, 0x99,
    0x2A, 0x24, 0x0A, 0x99, 0x2A, 0x00, 0x00, 0x99, 0x24, 0x00, 0x81, 0x66,
    0x99, 0x24, 0x6A, 0x00, 0x99, 0x2A, 0x4E, 0x0A, 0x99, 0x2A, 0x00, 0x00,
    0x99, 0x24, 0x00, 0x81, 0x66, 0x99, 0x2A, 0x24, 0x0A, 0x99, 0x2A, 0x00,
    0x81, 0x66, 0x99, 0x26, 0x6A, 0x00, 0x99, 0x2A, 0x6A, 0x0A, 0x99, 0x2A,
    0x00, 0x00, 0x99, 0x26, 0x00, 0x81, 0x66, 0x99, 0x24, 0x5C, 0x00, 0x99,
    0x2A, 0x24, 0x0A, 0x99, 0x2A, 0x00, 0x00, 0x99, 0x24, 0x00, 0x81, 0x66,
    0x99, 0x2A, 0x4E, 0x00, 0x99, 0x24, 0x6A, 0x0A, 0x99, 0x24, 0x00, 0x00,
    0x99, 0x2A, 0x00, 0x81, 0x66, 0x99, 0x2A, 0x24, 0x0A, 0x99, 0x2A, 0x00,
    0x81, 0x66, 0x99, 0x2A, 0x6A, 0x0A, 0x99, 0x2A, 0x00, 0x81, 0x66, 0x99,
    0x2A, 0x24, 0x00, 0x99, 0x24, 0x4E, 0x0A, 0x99, 0x24, 0x00, 0x00, 0x99,
    0x2A, 0x00, 0x81, 0x66, 0x99, 0x2A, 0x4E, 0x00, 0x99, 0x24, 0x6A, 0x0A,
    0x99, 0x24, 0x00, 0x00, 0x99, 0x2A, 0x00, 0x81, 0x66, 0x99, 0x2E, 0x5C,
    0x0A, 0x99, 0x2E, 0x00, 0x81, 0x66, 0x99, 0x2A, 0x6A, 0x0A, 0x99, 0x2A,
    0x00, 0x81, 0x66, 0x99, 0x33, 0x40, 0x00, 0x99, 0x24, 0x5C, 0x0A, 0x99,
    0x24, 0x00, 0x00, 0x99, 0x33, 0x00, 0x83, 0x56, 0x99, 0x2A, 0x40, 0x0A,
    0x99, 0x2A, 0x00, 0x81, 0x66, 0x99, 0x2A, 0x6A, 0x0A, 0x99, 0x2A, 0x00,
    0x81, 0x66, 0x99, 0x24, 0x6A, 0x00, 0x99, 0x31, 0x4E, 0x0A, 0x99, 0x31,
    0x00, 0x00, 0x99, 0x24, 0x00, 0x83, 0x56, 0x99, 0x26, 0x5C, 0x00, 0x99,
    0x2E, 0x5C, 0x0A, 0x99, 0x2E, 0x00, 0x00, 0x99, 0x26, 0x00, 0x81, 0x66,
    0x99, 0x2A, 0x08, 0x00, 0x99, 0x26, 0x6A, 0x0A, 0x99, 0x26, 0x00, 0x00,
    0x99, 0x2A, 0x00, 0x81, 0x66, 0x99, 0x26, 0x5C, 0x0A, 0x99, 0x26, 0x00,
    0x81, 0x66, 0x99, 0x24, 0x6A, 0x00, 0x99, 0x31, 0x5C, 0x0A, 0x99, 0x31,
    0x00, 0x00, 0x99, 0x24, 0x00, 0x81, 0x66, 0x99, 0x2A, 0x24, 0x0A, 0x99,
    0x2A, 0x00, 0x81, 0x66, 0x99, 0x26, 0x6A, 0x00, 0x99, 0x2A, 0x6A, 0x0A,
    0x99, 0x2A, 0x00, 0x00, 0x99, 0x26, 0x00, 0x81, 0x66, 0x99, 0x24, 0x4E,
    0x00, 0x99, 0x2A, 0x24, 0x0A, 0x99, 0x2A, 0x00, 0x00, 0x99, 0x24, 0x00,
    0x81, 0x66, 0x99, 0x2A, 0x4E, 0x0A, 0x99, 0x2A, 0x00, 0x81, 0x66, 0x99,
    0x2A, 0x24, 0x0A, 0x99, 0x2A, 0x00, 0x81, 0x66, 0x99, 0x26, 0x6A, 0x00,
    0x99, 0x2A, 0x6A, 0x0A, 0x99, 0x2A, 0x00, 0x00, 0x99, 0x26, 0x00, 0x81,
    0x66, 0x99, 0x24, 0x5C, 0x00, 0x99, 0x2A, 0x24, 0x0A, 0x99, 0x2A, 0x00,
    0x00, 0x99, 0x24, 0x00, 0x81, 0x66, 0x99, 0x24, 0x6A, 0x00, 0x99, 0x2A,
    0x4E, 0x0A, 0x99, 0x2A, 0x00, 0x00, 0x99, 0x24, 0x00, 0x81, 0x66, 0x99,
    0x2A, 0x24, 0x0A, 0x99, 0x2A, 0x00, 0x81, 0x66, 0x99, 0x26, 0x6A, 0x00,
    0x99, 0x2A, 0x6A, 0x0A, 0x99, 0x2A, 0x00, 0x00, 0x99, 0x26, 0x00, 0x81,
    0x66, 0x99, 0x24, 0x4E, 0x00, 0x99, 0x2A, 0x24, 0x0A, 0x99, 0x2A, 0x00,
    0x00, 0x99, 0x24, 0x00, 0x81, 0x66, 0x99, 0x2A, 0x4E, 0x0A, 0x99, 0x2A,
    0x00, 0x81, 0x66, 0x99, 0x2A, 0x24, 0x0A, 0x99, 0x2A, 0x00, 0x81, 0x66,
    0x99, 0x26, 0x6A, 0x00, 0x99, 0x2A, 0x6A, 0x0A, 0x99, 0x2A, 0x00, 0x00,
    0x99, 0x26, 0x00, 0x81, 0x66, 0x99, 0x24, 0x5C, 0x00, 0x99, 0x2A, 0x24,
    0x0A, 0x99, 0x2A, 0x00, 0x00, 0x99, 0x24, 0x00, 0x81, 0x66, 0x99, 0x24,
    0x6A, 0x00, 0x99, 0x2A, 0x4E, 0x0A, 0x99, 0x2A, 0x00, 0x00, 0x99, 0x24,
    0x00, 0x81, 0x66, 0x99, 0x2A, 0x24, 0x0A, 0x99, 0x2A, 0x00, 0x81, 0x66,
    0x99, 0x26, 0x6A, 0x00, 0x99, 0x2A, 0x6A, 0x0A, 0x99, 0x2A, 0x00, 0x00,
    0x99, 0x26, 0x00, 0x81, 0x66, 0x99, 0x24, 0x4E, 0x00, 0x99, 0x2A, 0x24,
    0x0A, 0x99, 0x2A, 0x00, 0x00, 0x99, 0x24, 0x00, 0x81, 0x66, 0x99, 0x2A,
    0x4E, 0x0A, 0x99, 0x2A, 0x00, 0x81, 0x66, 0x99, 0x2A, 0x24, 0x0A, 0x99,
    0x2A, 0x00, 0x81, 0x66, 0x99, 0x26, 0x6A, 0x00, 0x99, 0x2A, 0x6A, 0x0A,
    0x99, 0x2A, 0x00, 0x00, 0x99, 0x26, 0x00, 0x81, 0x66, 0x99, 0x24, 0x5C,
    0x00, 0x99, 0x2A, 0x24, 0x0A, 0x99, 0x2A, 0x00, 0x00, 0x99, 0x24, 0x00,
    0x81, 0x66, 0x99, 0x24, 0x6A, 0x00, 0x99, 0x2A, 0x4E, 0x0A, 0x99, 0x2A,
    0x00, 0x00, 0x99, 0x24, 0x00, 0x81, 0x66, 0x99, 0x2A, 0x24, 0x0A, 0x99,
    0x2A, 0x00, 0x81, 0x66, 0x99, 0x26, 0x6A, 0x00, 0x99, 0x2A, 0x6A, 0x0A,
    0x99, 0x2A, 0x00, 0x00, 0x99, 0x26, 0x00, 0x81, 0x66, 0x99, 0x24, 0x4E,
    0x00, 0x99, 0x2A, 0x24, 0x0A, 0x99, 0x2A, 0x00, 0x00, 0x99, 0x24, 0x00,
    0x81, 0x66, 0x99, 0x2A, 0x4E, 0x0A, 0x99, 0x2A, 0x00, 0x81, 0x66, 0x99,
    0x2A, 0x24, 0x0A, 0x99, 0x2A, 0x00, 0x81, 0x66, 0x99, 0x26, 0x6A, 0x00,
    0x99, 0x2A, 0x6A, 0x0A, 0x99, 0x2A, 0x00, 0x00, 0x99, 0x26, 0x00, 0x81,
    0x66, 0x99, 0x2E, 0x5C, 0x0A, 0x99, 0x2E, 0x00, 0x81, 0x66, 0x99, 0x24,
    0x6A, 0x00, 0x99, 0x2A, 0x4E, 0x0A, 0x99, 0x2A, 0x00, 0x00, 0x99, 0x24,
    0x00, 0x81, 0x66, 0x99, 0x2A, 0x24, 0x0A, 0x99, 0x2A, 0x00, 0x81, 0x66,
    0x99, 0x26, 0x6A, 0x00, 0x99, 0x2A, 0x6A, 0x0A, 0x99, 0x2A, 0x00, 0x00,
    0x99, 0x26, 0x00, 0x81, 0x66, 0x99, 0x24, 0x4E, 0x00, 0x99, 0x2A, 0x24,
    0x0A, 0x99, 0x2A, 0x00, 0x00, 0x99, 0x24, 0x00, 0x81, 0x66, 0x99, 0x2A,
    0x4E, 0x0A, 0x99, 0x2A, 0x00, 0x81, 0x66, 0x99, 0x2A, 0x24, 0x0A, 0x99,
    0x2A, 0x00, 0x81, 0x66, 0x99, 0x26, 0x6A, 0x00, 0x99, 0x2A, 0x6A, 0x0A,
    0x99, 0x2A, 0x00, 0x00, 0x99, 0x26, 0x00, 0x81, 0x66, 0x99, 0x24, 0x5C,
    0x00, 0x99, 0x2A, 0x24, 0x0A, 0x99, 0x2A, 0x00, 0x00, 0x99, 0x24, 0x00,
    0x81, 0x66, 0x99, 0x24, 0x6A, 0x00, 0x99, 0x2A, 0x4E, 0x0A, 0x99, 0x2A,
    0x00, 0x00, 0x99, 0x24, 0x00, 0x81, 0x66, 0x99, 0x2A, 0x24, 0x0A, 0x99,
    0x2A, 0x00, 0x81, 0x66, 0x99, 0x26, 0x6A, 0x00, 0x99, 0x2A, 0x6A, 0x0A,
    0x99, 0x2A, 0x00, 0x00, 0x99, 0x26, 0x00, 0x81, 0x66, 0x99, 0x24, 0x4E,
    0x00, 0x99, 0x2A, 0x24, 0x0A, 0x99, 0x2A, 0x00, 0x00, 0x99, 0x24, 0x00,
    0x81, 0x66, 0x99, 0x2A, 0x4E, 0x0A, 0x99, 0x2A, 0x00, 0x81, 0x66, 0x99,
    0x2A, 0x24, 0x0A, 0x99, 0x2A, 0x00, 0x81, 0x66, 0x99, 0x26, 0x6A, 0x00,
    0x99, 0x2A, 0x6A, 0x0A, 0x99, 0x2A, 0x00, 0x00, 0x99, 0x26, 0x00, 0x81,
    0x66, 0x99, 0x24, 0x5C, 0x00, 0x99, 0x2A, 0x24, 0x0A, 0x99, 0x2A, 0x00,
    0x00, 0x99, 0x24, 0x00, 0x81, 0x66, 0x99, 0x2A, 0x4E, 0x00, 0x99, 0x24,
    0x6A, 0x0A, 0x99, 0x24, 0x00, 0x00, 0x99, 0x2A, 0x00, 0x81, 0x66, 0x99,
    0x2A, 0x24, 0x0A, 0x99, 0x2A, 0x00, 0x81, 0x66, 0x99, 0x2A, 0x6A, 0x00,
    0x99, 0x26, 0x6A, 0x0A, 0x99, 0x26, 0x00, 0x00, 0x99, 0x2A, 0x00, 0x81,
    0x66, 0x99, 0x33, 0x5C, 0x00, 0x99, 0x24, 0x4E, 0x0A, 0x99, 0x24, 0x00,
    0x00, 0x99, 0x33, 0x00, 0x83, 0x56, 0x99, 0x2A, 0x24, 0x0A, 0x99, 0x2A,
    0x00, 0x81, 0x66, 0x99, 0x2A, 0x6A, 0x00, 0x99, 0x26, 0x6A, 0x0A, 0x99,
    0x26, 0x00, 0x00, 0x99, 0x2A, 0x00, 0x81, 0x66, 0x99, 0x31, 0x5C, 0x00,
    0x99, 0x24, 0x5C, 0x0A, 0x99, 0x24, 0x00, 0x00, 0x99, 0x31, 0x00, 0x83,
    0x56, 0x99, 0x30, 0x4E, 0x0A, 0x99, 0x30, 0x00, 0x81, 0x66, 0x99, 0x2D,
    0x5C, 0x0A, 0x99, 0x2D, 0x00, 0x81, 0x66, 0x99, 0x26, 0x6A, 0x00, 0x99,
    0x31, 0x5C, 0x00, 0x99, 0x24, 0x6A, 0x0A, 0x99, 0x24, 0x00, 0x00, 0x99,
    0x31, 0x00, 0x00, 0x99, 0x26, 0x00, 0x00, 0xFF, 0x2F, 0x00, 0x4D, 0x54,
    0x72, 0x6B, 0x00, 0x00, 0x00, 0x69, 0x00, 0xFF, 0x7F, 0x04, 0x43, 0x00,
    0x01, 0x00, 0x00, 0xFF, 0x03, 0x24, 0x20, 0x20, 0x20, 0x20, 0x20, 0x20,
    0x20, 0x20, 0x20, 0x20, 0x20, 0x20, 0x20, 0x20, 0x20, 0x20, 0x20, 0x20,
    0x20, 0x20, 0x20, 0x20, 0x20, 0x20, 0x20, 0x20, 0x20, 0x20, 0x20, 0x20,
    0x20, 0x20, 0x20, 0x20, 0x20, 0x20, 0x00, 0xFF, 0x21, 0x01, 0x00, 0x88,
    0x24, 0xBA, 0x00, 0x00, 0x0A, 0xBA, 0x20, 0x00, 0x0A, 0xCA, 0x00, 0x0A,
    0xBA, 0x07, 0x78, 0x0A, 0xBA, 0x0B, 0x6E, 0x0A, 0xBA, 0x0A, 0x40, 0x0A,
    0xBA, 0x5B, 0x28, 0x0A, 0xBA, 0x5D, 0x00, 0x0A, 0xBA, 0x5E, 0x00, 0x0A,
    0xBA, 0x65, 0x00, 0x0A, 0xBA, 0x64, 0x00, 0x0A, 0xBA, 0x06, 0x0C, 0x00,
    0xFF, 0x2F, 0x00, 0x4D, 0x54, 0x72, 0x6B, 0x00, 0x00, 0x00, 0x69, 0x00,
    0xFF, 0x7F, 0x04, 0x43, 0x00, 0x01, 0x00, 0x00, 0xFF, 0x03, 0x24, 0x20,
    0x20, 0x20, 0x20, 0x20, 0x20, 0x20, 0x20, 0x20, 0x20, 0x20, 0x20, 0x20,
    0x20, 0x20, 0x20, 0x20, 0x20, 0x20, 0x20, 0x20, 0x20, 0x20, 0x20, 0x20,
    0x20, 0x20, 0x20, 0x20, 0x20, 0x20, 0x20, 0x20, 0x20, 0x20, 0x20, 0x00,
    0xFF, 0x21, 0x01, 0x00, 0x88, 0x2E, 0xBB, 0x00, 0x00, 0x0A, 0xBB, 0x20,
    0x00, 0x0A, 0xCB, 0x00, 0x0A, 0xBB, 0x07, 0x78, 0x0A, 0xBB, 0x0B, 0x6E,
    0x0A, 0xBB, 0x0A, 0x40, 0x0A, 0xBB, 0x5B, 0x28, 0x0A, 0xBB, 0x5D, 0x00,
    0x0A, 0xBB, 0x5E, 0x00, 0x0A, 0xBB, 0x65, 0x00, 0x0A, 0xBB, 0x64, 0x00,
    0x0A, 0xBB, 0x06, 0x0C, 0x00, 0xFF, 0x2F, 0x00, 0x4D, 0x54, 0x72, 0x6B,
    0x00, 0x00, 0x00, 0x69, 0x00, 0xFF, 0x7F, 0x04, 0x43, 0x00, 0x01, 0x00,
    0x00, 0xFF, 0x03, 0x24, 0x20, 0x20, 0x20, 0x20, 0x20, 0x20, 0x20, 0x20,
    0x20, 0x20, 0x20, 0x20, 0x20, 0x20, 0x20, 0x20, 0x20, 0x20, 0x20, 0x20,
    0x20, 0x20, 0x20, 0x20, 0x20, 0x20, 0x20, 0x20, 0x20, 0x20, 0x20, 0x20,
    0x20, 0x20, 0x20, 0x20, 0x00, 0xFF, 0x21, 0x01, 0x00, 0x88, 0x38, 0xBC,
    0x00, 0x00, 0x0A, 0xBC, 0x20, 0x00, 0x0A, 0xCC, 0x00, 0x0A, 0xBC, 0x07,
    0x78, 0x0A, 0xBC, 0x0B, 0x6E, 0x0A, 0xBC, 0x0A, 0x40, 0x0A, 0xBC, 0x5B,
    0x28, 0x0A, 0xBC, 0x5D, 0x00, 0x0A, 0xBC, 0x5E, 0x00, 0x0A, 0xBC, 0x65,
    0x00, 0x0A, 0xBC, 0x64, 0x00, 0x0A, 0xBC, 0x06, 0x0C, 0x00, 0xFF, 0x2F,
    0x00, 0x4D, 0x54, 0x72, 0x6B, 0x00, 0x00, 0x00, 0x69, 0x00, 0xFF, 0x7F,
    0x04, 0x43, 0x00, 0x01, 0x00, 0x00, 0xFF, 0x03, 0x24, 0x20, 0x20, 0x20,
    0x20, 0x20, 0x20, 0x20, 0x20, 0x20, 0x20, 0x20, 0x20, 0x20, 0x20, 0x20,
    0x20, 0x20, 0x20, 0x20, 0x20, 0x20, 0x20, 0x20, 0x20, 0x20, 0x20, 0x20,
    0x20, 0x20, 0x20, 0x20, 0x20, 0x20, 0x20, 0x20, 0x20, 0x00, 0xFF, 0x21,
    0x01, 0x00, 0x88, 0x42, 0xBD, 0x00, 0x00, 0x0A, 0xBD, 0x20, 0x00, 0x0A,
    0xCD, 0x00, 0x0A, 0xBD, 0x07, 0x78, 0x0A, 0xBD, 0x0B, 0x6E, 0x0A, 0xBD,
    0x0A, 0x40, 0x0A, 0xBD, 0x5B, 0x28, 0x0A, 0xBD, 0x5D, 0x00, 0x0A, 0xBD,
    0x5E, 0x00, 0x0A, 0xBD, 0x65, 0x00, 0x0A, 0xBD, 0x64, 0x00, 0x0A, 0xBD,
    0x06, 0x0C, 0x00, 0xFF, 0x2F, 0x00, 0x4D, 0x54, 0x72, 0x6B, 0x00, 0x00,
    0x00, 0x69, 0x00, 0xFF, 0x7F, 0x04, 0x43, 0x00, 0x01, 0x00, 0x00, 0xFF,
    0x03, 0x24, 0x20, 0x20, 0x20, 0x20, 0x20, 0x20, 0x20, 0x20, 0x20, 0x20,
    0x20, 0x20, 0x20, 0x20, 0x20, 0x20, 0x20, 0x20, 0x20, 0x20, 0x20, 0x20,
    0x20, 0x20, 0x20, 0x20, 0x20, 0x20, 0x20, 0x20, 0x20, 0x20, 0x20, 0x20,
    0x20, 0x20, 0x00, 0xFF, 0x21, 0x01, 0x00, 0x88, 0x4C, 0xBE, 0x00, 0x00,
    0x0A, 0xBE, 0x20, 0x00, 0x0A, 0xCE, 0x00, 0x0A, 0xBE, 0x07, 0x78, 0x0A,
    0xBE, 0x0B, 0x6E, 0x0A, 0xBE, 0x0A, 0x40, 0x0A, 0xBE, 0x5B, 0x28, 0x0A,
    0xBE, 0x5D, 0x00, 0x0A, 0xBE, 0x5E, 0x00, 0x0A, 0xBE, 0x65, 0x00, 0x0A,
    0xBE, 0x64, 0x00, 0x0A, 0xBE, 0x06, 0x0C, 0x00, 0xFF, 0x2F, 0x00,
};

const uint32_t HIMAWARI_MIDI_SIZE = sizeof(HIMAWARI_MIDI_DATA);
